date,year,month,pre_mm_month,tmp_C_mean_month,tmn_C_min_month,tmx_C_max_month
16.01.1901,1901,1,70.9,5.9,2.6,9.3
15.02.1901,1901,2,16.9,4.1,-0.4,8.6
16.03.1901,1901,3,97.9,9.6,4.9,14.4
16.04.1901,1901,4,164.9,16.4,12.1,20.7
16.05.1901,1901,5,163.2,20.4,16.1,24.8
16.06.1901,1901,6,393,23.7,19.9,27.6
16.07.1901,1901,7,335.2,27,22.9,31.1
16.08.1901,1901,8,110.3,26.7,22.2,31.2
16.09.1901,1901,9,42.9,22.6,17.6,27.7
16.10.1901,1901,10,85.1,17.4,12.9,21.9
16.11.1901,1901,11,19.3,11.4,5.8,17.1
16.12.1901,1901,12,46,5.7,0.7,10.8
16.01.1902,1902,1,54.1,5.5,0.6,10.4
15.02.1902,1902,2,36.6,5.2,0.2,10.2
16.03.1902,1902,3,192.6,11.2,6.8,15.7
16.04.1902,1902,4,248.6,16.2,12.4,20
16.05.1902,1902,5,266,20.8,16.7,24.9
16.06.1902,1902,6,153.9,23.4,19.3,27.5
16.07.1902,1902,7,146.7,26.9,22.4,31.5
16.08.1902,1902,8,94.9,26.9,22.3,31.5
16.09.1902,1902,9,23.7,22.4,17.5,27.4
16.10.1902,1902,10,55.6,17.7,12.5,23
16.11.1902,1902,11,35.7,12.9,7.9,18
16.12.1902,1902,12,101.8,6.9,2.3,11.5
16.01.1903,1903,1,60.2,4.1,-0.7,8.9
15.02.1903,1903,2,114,5.1,0.7,9.6
16.03.1903,1903,3,254.6,10.9,7.7,14.2
16.04.1903,1903,4,202.6,16.1,12.2,20
16.05.1903,1903,5,238.7,20,15.7,24.4
16.06.1903,1903,6,281.2,23.5,19.7,27.3
16.07.1903,1903,7,169.3,26.8,22.7,31
16.08.1903,1903,8,160.6,26.5,22.1,31
16.09.1903,1903,9,174.6,22.9,18,27.9
16.10.1903,1903,10,39.1,17.5,12.8,22.2
16.11.1903,1903,11,36.2,10.7,5.7,15.7
16.12.1903,1903,12,14,5.7,-0.2,11.6
16.01.1904,1904,1,24.2,4.1,-0.2,8.4
15.02.1904,1904,2,62.5,6.4,2,10.9
16.03.1904,1904,3,173.1,9.5,5.9,13.2
16.04.1904,1904,4,332.7,16,12.1,19.9
16.05.1904,1904,5,202.6,19.9,15.5,24.3
16.06.1904,1904,6,160.8,23.5,19.6,27.4
16.07.1904,1904,7,80.5,26.5,22.2,30.9
16.08.1904,1904,8,132.6,26.5,21.7,31.3
16.09.1904,1904,9,98.8,23.1,18.4,27.9
16.10.1904,1904,10,116.3,17.7,13.2,22.2
16.11.1904,1904,11,34.1,11,5.8,16.2
16.12.1904,1904,12,43.7,5.4,0.6,10.3
16.01.1905,1905,1,110.8,7,3,11.1
15.02.1905,1905,2,119.7,3.9,1,6.8
16.03.1905,1905,3,266.7,8.4,5.4,11.4
16.04.1905,1905,4,225.5,14.1,10.6,17.7
16.05.1905,1905,5,281.4,20.5,16.3,24.8
16.06.1905,1905,6,148.6,24.5,20.3,28.8
16.07.1905,1905,7,200.9,27.1,22.6,31.7
16.08.1905,1905,8,187.3,27,22.8,31.3
16.09.1905,1905,9,141.1,23.1,19,27.2
16.10.1905,1905,10,87.2,17.6,13,22.3
16.11.1905,1905,11,23.6,11.4,5.8,17
16.12.1905,1905,12,143.8,7.4,3.7,11.1
16.01.1906,1906,1,112.9,4.3,-0.2,8.8
15.02.1906,1906,2,281.3,4.7,1.5,8
16.03.1906,1906,3,155.1,9.6,5.4,13.9
16.04.1906,1906,4,153.4,16.1,11.9,20.4
16.05.1906,1906,5,228.1,20.6,16.5,24.7
16.06.1906,1906,6,262.6,24.5,20.8,28.2
16.07.1906,1906,7,136.4,27,22.4,31.6
16.08.1906,1906,8,200.4,26.9,22.4,31.5
16.09.1906,1906,9,97.4,23.5,20,27
16.10.1906,1906,10,55.3,17.2,12.3,22.1
16.11.1906,1906,11,50.4,10.4,6.1,14.7
16.12.1906,1906,12,29.3,7.1,2.1,12.1
16.01.1907,1907,1,105,5.8,1.4,10.2
15.02.1907,1907,2,127.7,4.8,2.1,7.6
16.03.1907,1907,3,221.4,9.2,5.3,13.2
16.04.1907,1907,4,117.8,15.1,10.6,19.6
16.05.1907,1907,5,213.2,20.5,15.4,25.6
16.06.1907,1907,6,237.5,23.1,18.8,27.4
16.07.1907,1907,7,209.4,25.4,21.2,29.6
16.08.1907,1907,8,84.5,27.4,22.3,32.6
16.09.1907,1907,9,85.5,22.9,18.6,27.3
16.10.1907,1907,10,196.3,18.8,15.3,22.4
16.11.1907,1907,11,138.5,12,7.8,16.2
16.12.1907,1907,12,13.8,6.6,1.5,11.8
16.01.1908,1908,1,86.5,5.4,1.5,9.4
15.02.1908,1908,2,100.2,5.3,1.9,8.7
16.03.1908,1908,3,122.5,9.3,4.9,13.7
16.04.1908,1908,4,326.5,14.1,10.3,17.9
16.05.1908,1908,5,208.8,20.3,15.2,25.4
16.06.1908,1908,6,355.6,23.7,19.5,27.9
16.07.1908,1908,7,150.4,27.1,22.9,31.3
16.08.1908,1908,8,77.3,27.1,21.7,32.5
16.09.1908,1908,9,132,23.4,18.6,28.2
16.10.1908,1908,10,101,18.3,13.9,22.8
16.11.1908,1908,11,103.4,11.4,6.1,16.8
16.12.1908,1908,12,58.3,7.9,2.7,13.2
16.01.1909,1909,1,108.9,4.7,1.4,8.1
15.02.1909,1909,2,91.9,6.1,2,10.3
16.03.1909,1909,3,226.5,8.9,4.7,13.2
16.04.1909,1909,4,161.6,16.1,11,21.3
16.05.1909,1909,5,116.7,19.9,14.8,25.1
16.06.1909,1909,6,573,23.5,20,27.1
16.07.1909,1909,7,143.1,27.3,22.9,31.7
16.08.1909,1909,8,101.6,27.6,22.1,33.1
16.09.1909,1909,9,108.7,24.3,19.5,29.2
16.10.1909,1909,10,153.1,18.2,14.2,22.3
16.11.1909,1909,11,44.2,12.1,6.6,17.7
16.12.1909,1909,12,45.2,6,0.9,11.1
16.01.1910,1910,1,148,4.4,0.6,8.3
15.02.1910,1910,2,75.3,5,1.1,9
16.03.1910,1910,3,219.3,9.7,5.4,14.1
16.04.1910,1910,4,229.9,14.2,10.4,18.1
16.05.1910,1910,5,181.8,19.7,15.4,24.1
16.06.1910,1910,6,425.4,24.5,20.4,28.6
16.07.1910,1910,7,218.2,27.4,22.5,32.3
16.08.1910,1910,8,174.7,27,22,32.1
16.09.1910,1910,9,85.5,22.8,18,27.6
16.10.1910,1910,10,40.6,17.3,12.2,22.5
16.11.1910,1910,11,57.2,11.5,6.6,16.5
16.12.1910,1910,12,50.5,4.9,0.4,9.4
16.01.1911,1911,1,69,4.2,-0.1,8.5
15.02.1911,1911,2,71.7,5.8,1.9,9.7
16.03.1911,1911,3,263.3,10,6.1,13.9
16.04.1911,1911,4,193.7,15.6,10.9,20.4
16.05.1911,1911,5,235.1,19.4,15,23.8
16.06.1911,1911,6,407.1,23.9,20.5,27.4
16.07.1911,1911,7,200.2,27,22.4,31.7
16.08.1911,1911,8,249.5,26.5,22.1,31
16.09.1911,1911,9,159.9,23.9,19.5,28.4
16.10.1911,1911,10,86.8,16.7,11.3,22.2
16.11.1911,1911,11,66.6,11.2,6,16.4
16.12.1911,1911,12,97.9,6.4,2.8,10.1
16.01.1912,1912,1,68.2,4.1,-0.2,8.4
15.02.1912,1912,2,90.4,7.5,2.6,12.5
16.03.1912,1912,3,266.1,9.3,5.5,13.2
16.04.1912,1912,4,157.8,16.4,11.2,21.6
16.05.1912,1912,5,175.9,20.8,15.9,25.8
16.06.1912,1912,6,302,24.2,19.6,28.9
16.07.1912,1912,7,160.1,27,22.3,31.8
16.08.1912,1912,8,154.2,26.3,21.6,31.1
16.09.1912,1912,9,75.1,22.2,17.3,27.1
16.10.1912,1912,10,46.7,17.1,11.6,22.6
16.11.1912,1912,11,94.6,10.2,5.1,15.3
16.12.1912,1912,12,74.5,5.7,1.5,10
16.01.1913,1913,1,59.2,4.6,0.1,9.2
15.02.1913,1913,2,107.8,6,2,10
16.03.1913,1913,3,154.4,9,4.2,13.9
16.04.1913,1913,4,319.8,15.3,11.3,19.4
16.05.1913,1913,5,194.4,20.1,15.4,24.9
16.06.1913,1913,6,311.3,24.3,20.1,28.6
16.07.1913,1913,7,117.3,26.2,21.5,30.9
16.08.1913,1913,8,22.2,27.6,22.3,33
16.09.1913,1913,9,78.9,23,18.4,27.7
16.10.1913,1913,10,22.4,17.7,12.1,23.3
16.11.1913,1913,11,96.5,11.6,6.7,16.5
16.12.1913,1913,12,45.5,5.3,0.2,10.4
16.01.1914,1914,1,37.6,6.1,1.1,11.1
15.02.1914,1914,2,109.4,7.3,3.1,11.5
16.03.1914,1914,3,197.4,11.4,6.8,16.1
16.04.1914,1914,4,235.7,15.7,10.9,20.5
16.05.1914,1914,5,220.6,19.9,15.6,24.3
16.06.1914,1914,6,232.8,24.2,19.8,28.6
16.07.1914,1914,7,72.8,28,22.8,33.2
16.08.1914,1914,8,124,27,21.7,32.4
16.09.1914,1914,9,178.8,22.3,17.7,27
16.10.1914,1914,10,115.3,18.4,13.8,23
16.11.1914,1914,11,109.3,11.9,6.9,16.9
16.12.1914,1914,12,57.6,6.7,1.9,11.5
16.01.1915,1915,1,36.8,4.8,0.3,9.4
15.02.1915,1915,2,149,6.2,2.3,10.1
16.03.1915,1915,3,118.9,10,4.8,15.2
16.04.1915,1915,4,311.6,15.1,10.9,19.4
16.05.1915,1915,5,161,20.3,15.3,25.4
16.06.1915,1915,6,448,24.4,20.1,28.8
16.07.1915,1915,7,154.4,27.1,22.3,32
16.08.1915,1915,8,116.9,27.1,22.4,31.9
16.09.1915,1915,9,102.9,22.8,18.1,27.6
16.10.1915,1915,10,156.2,19.1,14.9,23.4
16.11.1915,1915,11,154.5,12.7,8.7,16.7
16.12.1915,1915,12,10.7,7.7,2,13.4
16.01.1916,1916,1,45.6,5.5,0.6,10.4
15.02.1916,1916,2,151.3,6.1,2.7,9.5
16.03.1916,1916,3,116.7,8.7,4.3,13.2
16.04.1916,1916,4,260.8,16.1,11.2,21.1
16.05.1916,1916,5,206.5,20.8,16.4,25.3
16.06.1916,1916,6,407,24,19.8,28.3
16.07.1916,1916,7,149.3,26.6,21.8,31.4
16.08.1916,1916,8,107.6,26.3,21.2,31.5
16.09.1916,1916,9,63.6,23.6,19.2,28.1
16.10.1916,1916,10,96.2,17.2,12.4,22
16.11.1916,1916,11,46.8,11.3,6.5,16.1
16.12.1916,1916,12,39.9,6,0.9,11.2
16.01.1917,1917,1,35.2,2.5,-2.4,7.4
15.02.1917,1917,2,79.6,5.4,0.6,10.2
16.03.1917,1917,3,114.2,8.9,4.3,13.6
16.04.1917,1917,4,109.3,15.8,11.1,20.6
16.05.1917,1917,5,179.7,19.6,14.4,24.8
16.06.1917,1917,6,343,24.2,20.3,28.1
16.07.1917,1917,7,178.8,26.3,21.8,30.8
16.08.1917,1917,8,127.9,27,21.9,32.1
16.09.1917,1917,9,72.8,24.1,19.6,28.6
16.10.1917,1917,10,69.9,17.5,12.8,22.2
16.11.1917,1917,11,59.7,10.2,4.9,15.6
16.12.1917,1917,12,21.1,4.1,-1.1,9.3
16.01.1918,1918,1,7.2,2.3,-2.2,6.8
15.02.1918,1918,2,53.8,5.9,1.2,10.6
16.03.1918,1918,3,182.5,9.5,5.3,13.7
16.04.1918,1918,4,266.1,15.6,11.1,20.1
16.05.1918,1918,5,163.1,19.9,14.9,24.9
16.06.1918,1918,6,336.2,23.4,19.4,27.4
16.07.1918,1918,7,203.1,26.4,21.8,31
16.08.1918,1918,8,125.2,26.4,21.4,31.4
16.09.1918,1918,9,63.5,23,18.2,27.8
16.10.1918,1918,10,44.9,17.6,12,23.2
16.11.1918,1918,11,137.1,11.5,7.1,15.9
16.12.1918,1918,12,156.4,7.1,3.5,10.7
16.01.1919,1919,1,96.3,4.1,0.3,7.9
15.02.1919,1919,2,84.8,5.8,1.5,10.1
16.03.1919,1919,3,259.2,11.7,7.8,15.6
16.04.1919,1919,4,170.6,16.9,12.3,21.6
16.05.1919,1919,5,154.8,21,15.9,26.2
16.06.1919,1919,6,391.6,24.7,20.7,28.7
16.07.1919,1919,7,200.1,26.5,22,31
16.08.1919,1919,8,87.2,27.4,22.3,32.6
16.09.1919,1919,9,111.7,22.3,17.4,27.3
16.10.1919,1919,10,42.1,17.1,12.3,22
16.11.1919,1919,11,45.3,10.8,5.1,16.5
16.12.1919,1919,12,30.4,5.4,0.5,10.4
16.01.1920,1920,1,51.2,4.6,-0.5,9.7
15.02.1920,1920,2,236.2,4.5,1.4,7.6
16.03.1920,1920,3,186.7,9.6,6.1,13.2
16.04.1920,1920,4,144.1,14.7,10.5,19
16.05.1920,1920,5,177.4,20.3,15.9,24.8
16.06.1920,1920,6,220.9,23.5,19.5,27.6
16.07.1920,1920,7,176.8,26.7,22.1,31.3
16.08.1920,1920,8,82,27.1,22.2,32
16.09.1920,1920,9,113.4,23.7,19.5,27.9
16.10.1920,1920,10,52,17.9,12.9,22.9
16.11.1920,1920,11,84.1,12.9,8.3,17.6
16.12.1920,1920,12,141.6,7.7,3.4,12
16.01.1921,1921,1,39.7,4.6,0.3,9
15.02.1921,1921,2,71.6,6.8,2.1,11.5
16.03.1921,1921,3,181.4,9.9,5.5,14.3
16.04.1921,1921,4,250.5,15.9,11.5,20.4
16.05.1921,1921,5,220.9,20.3,16.3,24.4
16.06.1921,1921,6,319.8,23,19.5,26.6
16.07.1921,1921,7,85.7,27.3,23,31.6
16.08.1921,1921,8,186,26.7,22,31.4
16.09.1921,1921,9,121.3,22.6,18.5,26.7
16.10.1921,1921,10,65.8,16.5,11.8,21.2
16.11.1921,1921,11,35.9,11.4,6.2,16.7
16.12.1921,1921,12,29.9,7.1,2.6,11.7
16.01.1922,1922,1,98.8,4.4,0.8,8
15.02.1922,1922,2,126.2,7,3.3,10.7
16.03.1922,1922,3,127.1,10.6,6.1,15.2
16.04.1922,1922,4,135.2,16.2,11.6,20.9
16.05.1922,1922,5,218.9,20.9,16.7,25.1
16.06.1922,1922,6,247.1,24.2,20.2,28.3
16.07.1922,1922,7,86.2,27.3,22.2,32.4
16.08.1922,1922,8,125.7,27.2,22.3,32.1
16.09.1922,1922,9,109.5,23,18.4,27.7
16.10.1922,1922,10,87.7,17.8,12.6,23.1
16.11.1922,1922,11,25.4,10.9,5,16.9
16.12.1922,1922,12,15.7,6.4,0.6,12.2
16.01.1923,1923,1,31.8,4.7,-0.1,9.5
15.02.1923,1923,2,108.2,5.1,1.3,9
16.03.1923,1923,3,122.3,11.8,7.1,16.5
16.04.1923,1923,4,230.2,15.8,11.6,20.1
16.05.1923,1923,5,229.4,21.3,16.7,26
16.06.1923,1923,6,218,23.6,19.3,27.9
16.07.1923,1923,7,217.4,26.8,22.4,31.2
16.08.1923,1923,8,164.5,27.4,22.4,32.4
16.09.1923,1923,9,44.6,22.7,18,27.4
16.10.1923,1923,10,40.3,17,11.7,22.4
16.11.1923,1923,11,58.6,12.7,7.8,17.6
16.12.1923,1923,12,39.2,6.9,2,11.9
16.01.1924,1924,1,56.7,5.5,1.1,10
15.02.1924,1924,2,136,5.9,2.2,9.7
16.03.1924,1924,3,183.5,8.7,4.9,12.5
16.04.1924,1924,4,139.8,16.5,11.7,21.3
16.05.1924,1924,5,339.5,20.8,16.8,24.9
16.06.1924,1924,6,375.4,23.3,19.6,27.1
16.07.1924,1924,7,144.9,27.1,22.9,31.4
16.08.1924,1924,8,69.8,27.3,22.5,32.1
16.09.1924,1924,9,108.6,23.4,19.1,27.8
16.10.1924,1924,10,59.4,17.8,13.4,22.3
16.11.1924,1924,11,29.7,10.4,4.8,16
16.12.1924,1924,12,28.1,5.9,0.7,11.1
16.01.1925,1925,1,70.8,3.6,0,7.2
15.02.1925,1925,2,91.3,4.8,0.8,8.8
16.03.1925,1925,3,161.3,10.6,6.3,15
16.04.1925,1925,4,122.7,14.2,9.4,19.1
16.05.1925,1925,5,237.5,20.9,16.7,25.2
16.06.1925,1925,6,165.4,25,20.8,29.2
16.07.1925,1925,7,151.9,27.1,23.1,31.1
16.08.1925,1925,8,137.8,27,22.3,31.8
16.09.1925,1925,9,53.1,23.2,18.7,27.7
16.10.1925,1925,10,28,17.4,12.5,22.3
16.11.1925,1925,11,82.3,12.7,8.1,17.3
16.12.1925,1925,12,31.4,5.7,0.4,11.1
16.01.1926,1926,1,46.9,4.7,-0.1,9.5
15.02.1926,1926,2,79.9,6.2,2.4,10
16.03.1926,1926,3,120.1,10.8,6.6,15.1
16.04.1926,1926,4,122.1,15.5,10.9,20.1
16.05.1926,1926,5,204.2,21.8,17.2,26.4
16.06.1926,1926,6,257.5,22.7,18.9,26.6
16.07.1926,1926,7,146.2,27.2,22.8,31.7
16.08.1926,1926,8,111.3,28.2,23.2,33.3
16.09.1926,1926,9,136.5,24.3,19.7,29
16.10.1926,1926,10,72.9,16.5,11.7,21.3
16.11.1926,1926,11,60.9,11.8,6.8,16.8
16.12.1926,1926,12,91.5,5.2,0.8,9.7
16.01.1927,1927,1,48.9,4.6,0.3,8.9
15.02.1927,1927,2,136.2,5.3,1.8,8.9
16.03.1927,1927,3,128.4,9,4.9,13.2
16.04.1927,1927,4,150,15.3,10.7,20
16.05.1927,1927,5,133,20.3,15.8,24.8
16.06.1927,1927,6,280.2,23.9,19.9,27.9
16.07.1927,1927,7,140.9,27.5,22.9,32.1
16.08.1927,1927,8,143.5,27.6,22.7,32.6
16.09.1927,1927,9,100,23.2,18.6,27.8
16.10.1927,1927,10,53.5,17.6,12.3,22.9
16.11.1927,1927,11,20.3,12.8,7.2,18.4
16.12.1927,1927,12,29.9,7.6,2.6,12.7
16.01.1928,1928,1,93.7,5.1,1.1,9.1
15.02.1928,1928,2,52.9,6,1.9,10.2
16.03.1928,1928,3,129.6,11.2,7,15.4
16.04.1928,1928,4,183,16.5,11.8,21.2
16.05.1928,1928,5,134.8,21.5,16.8,26.3
16.06.1928,1928,6,311.5,23.6,19.5,27.8
16.07.1928,1928,7,107,27.6,23.3,32
16.08.1928,1928,8,103.4,26.2,21.6,30.9
16.09.1928,1928,9,100.5,23,18.7,27.4
16.10.1928,1928,10,10.1,17,11.5,22.6
16.11.1928,1928,11,63.6,11.9,6.9,17
16.12.1928,1928,12,40.5,6.6,2.6,10.6
16.01.1929,1929,1,104.5,4.6,0.7,8.5
15.02.1929,1929,2,78,5.8,2.3,9.4
16.03.1929,1929,3,74.9,11.1,6.2,16.1
16.04.1929,1929,4,100.2,16.9,12.5,21.4
16.05.1929,1929,5,208.6,21.2,16.7,25.8
16.06.1929,1929,6,220.8,24.7,20.6,28.9
16.07.1929,1929,7,153.9,27.2,22.9,31.6
16.08.1929,1929,8,110.9,27.5,22.7,32.3
16.09.1929,1929,9,70.8,23.4,18.9,27.9
16.10.1929,1929,10,19.3,17.7,12.4,23.1
16.11.1929,1929,11,38.7,10.7,5.4,16.1
16.12.1929,1929,12,93,5.3,1.6,9.1
16.01.1930,1930,1,87.6,2.2,-1.4,5.8
15.02.1930,1930,2,87,8,3.7,12.3
16.03.1930,1930,3,169.9,11.5,7.4,15.7
16.04.1930,1930,4,305.8,16.4,12.7,20.2
16.05.1930,1930,5,232.3,21.4,17.3,25.5
16.06.1930,1930,6,254.2,23.9,19.9,27.9
16.07.1930,1930,7,168.6,27.4,22.9,31.9
16.08.1930,1930,8,118.2,27.1,22.3,32
16.09.1930,1930,9,87,22.4,18.1,26.7
16.10.1930,1930,10,74.7,17.4,12.4,22.5
16.11.1930,1930,11,60.2,11,5.8,16.3
16.12.1930,1930,12,42.8,7.1,2.9,11.3
16.01.1931,1931,1,70.1,4.1,0.1,8.1
15.02.1931,1931,2,190.7,5,2,8
16.03.1931,1931,3,151.4,11.2,6.9,15.5
16.04.1931,1931,4,222,15.3,11.1,19.5
16.05.1931,1931,5,282.9,19.7,15.6,23.8
16.06.1931,1931,6,195.1,24.1,20,28.2
16.07.1931,1931,7,306.8,26.3,22.2,30.5
16.08.1931,1931,8,73.9,27.6,23.1,32.2
16.09.1931,1931,9,145.5,22.7,18.6,26.9
16.10.1931,1931,10,16.4,16.8,11.9,21.8
16.11.1931,1931,11,87.6,12.3,7.9,16.7
16.12.1931,1931,12,64,6,2.2,9.9
16.01.1932,1932,1,19.8,5.8,1,10.7
15.02.1932,1932,2,98.2,4.6,1,8.3
16.03.1932,1932,3,110,10.5,5.6,15.5
16.04.1932,1932,4,174.1,16,11.5,20.6
16.05.1932,1932,5,356.5,20.6,16.5,24.7
16.06.1932,1932,6,318.7,23.4,19.8,27.1
16.07.1932,1932,7,61.4,28,23.5,32.5
16.08.1932,1932,8,157.1,27.4,22.5,32.3
16.09.1932,1932,9,86.1,22.3,17.9,26.7
16.10.1932,1932,10,59,17,11.7,22.4
16.11.1932,1932,11,44.2,11.8,6.7,16.9
16.12.1932,1932,12,63.6,6.3,1.8,10.9
16.01.1933,1933,1,85.4,1.9,-1.8,5.6
15.02.1933,1933,2,153.9,5.8,2.4,9.3
16.03.1933,1933,3,163.3,9.6,5.3,13.9
16.04.1933,1933,4,225,15.5,11.3,19.7
16.05.1933,1933,5,220.2,21.5,16.8,26.2
16.06.1933,1933,6,346,23.8,20,27.7
16.07.1933,1933,7,146.5,27.7,23.1,32.3
16.08.1933,1933,8,129,28,22.8,33.2
16.09.1933,1933,9,96.8,24.4,19.9,29
16.10.1933,1933,10,90,17.5,13.3,21.8
16.11.1933,1933,11,45,11.7,6.7,16.7
16.12.1933,1933,12,35.4,7.7,3,12.5
16.01.1934,1934,1,47.5,2.2,-2.1,6.5
15.02.1934,1934,2,63.3,6.2,1.7,10.8
16.03.1934,1934,3,173.6,10.1,5.1,15.2
16.04.1934,1934,4,263.6,14.2,10,18.5
16.05.1934,1934,5,197,21.3,16.6,26.1
16.06.1934,1934,6,174.9,24.4,20.2,28.6
16.07.1934,1934,7,66.6,28.6,23.9,33.3
16.08.1934,1934,8,76.7,29,23.8,34.2
16.09.1934,1934,9,102.9,23.8,19.2,28.5
16.10.1934,1934,10,69.5,16,11,21
16.11.1934,1934,11,59.3,11.4,6.9,15.9
16.12.1934,1934,12,66.3,7.8,3.7,12
16.01.1935,1935,1,54.2,5.6,1.9,9.4
15.02.1935,1935,2,130.2,7.4,3.6,11.2
16.03.1935,1935,3,149.3,12.6,7.9,17.4
16.04.1935,1935,4,179.5,15.1,11.3,19
16.05.1935,1935,5,221.6,21.3,16.7,25.9
16.06.1935,1935,6,345.3,24,19.9,28.2
16.07.1935,1935,7,87.5,28,23.7,32.4
16.08.1935,1935,8,103.8,27.3,22.2,32.5
16.09.1935,1935,9,78.8,23.2,18.7,27.8
16.10.1935,1935,10,87,19.6,14.9,24.3
16.11.1935,1935,11,105.4,12.8,8.7,17
16.12.1935,1935,12,57.6,4.5,0.8,8.3
16.01.1936,1936,1,53.8,3.9,0,7.8
15.02.1936,1936,2,115,5.7,2,9.4
16.03.1936,1936,3,147.7,7.7,3.4,12
16.04.1936,1936,4,315.8,16,11.4,20.7
16.05.1936,1936,5,180.3,20,15.9,24.2
16.06.1936,1936,6,226.6,25.1,20.9,29.4
16.07.1936,1936,7,190.4,27.4,22.8,32
16.08.1936,1936,8,121.1,27.1,22.3,31.9
16.09.1936,1936,9,100.1,23.9,18.8,29
16.10.1936,1936,10,12.9,18.6,12.8,24.4
16.11.1936,1936,11,39.3,12.3,6.9,17.7
16.12.1936,1936,12,103.1,6.7,2.8,10.7
16.01.1937,1937,1,117.5,5.2,1.5,8.9
15.02.1937,1937,2,152.9,6.3,2,10.6
16.03.1937,1937,3,206.9,10.2,6,14.4
16.04.1937,1937,4,234.3,16.2,12.1,20.3
16.05.1937,1937,5,272.6,21.2,16.4,26
16.06.1937,1937,6,273.1,23.1,19.5,26.8
16.07.1937,1937,7,102.6,27.8,23.4,32.3
16.08.1937,1937,8,187.2,27.1,22.4,31.8
16.09.1937,1937,9,122.7,24.5,20,29.1
16.10.1937,1937,10,89.4,18.7,13.7,23.8
16.11.1937,1937,11,117.3,12.1,8,16.3
16.12.1937,1937,12,34.5,7.2,2.4,12
16.01.1938,1938,1,82.4,4.3,0.5,8.2
15.02.1938,1938,2,92.6,6.4,2,10.9
16.03.1938,1938,3,218.4,10.4,5.9,15
16.04.1938,1938,4,114.4,17.8,13.3,22.4
16.05.1938,1938,5,259.2,22.1,17.5,26.8
16.06.1938,1938,6,322.6,25.9,22.2,29.7
16.07.1938,1938,7,203.4,27.3,22.4,32.3
16.08.1938,1938,8,131.5,27.1,22.2,32
16.09.1938,1938,9,49,23.5,19.1,28
16.10.1938,1938,10,72.1,18.9,14.1,23.8
16.11.1938,1938,11,22.8,11.1,5.6,16.7
16.12.1938,1938,12,33.1,7.4,2.9,12
16.01.1939,1939,1,37.6,5.2,1,9.4
15.02.1939,1939,2,86.5,6.8,3,10.6
16.03.1939,1939,3,208.7,10.6,6.8,14.5
16.04.1939,1939,4,211,15.3,11.2,19.5
16.05.1939,1939,5,238.9,21.1,16.4,25.9
16.06.1939,1939,6,315.4,24,20.2,27.8
16.07.1939,1939,7,163.2,26.6,22.4,30.8
16.08.1939,1939,8,103.4,27.3,22.4,32.3
16.09.1939,1939,9,66.9,23.2,18.2,28.3
16.10.1939,1939,10,91.5,18.3,13.5,23.1
16.11.1939,1939,11,106,11.9,7.4,16.4
16.12.1939,1939,12,4.9,6.4,-0.1,12.9
16.01.1940,1940,1,50.1,5.3,0.5,10.2
15.02.1940,1940,2,83.2,6.6,2.4,10.8
16.03.1940,1940,3,172,9.6,5.5,13.7
16.04.1940,1940,4,131.3,15.9,10.8,21.1
16.05.1940,1940,5,138.6,20.1,15.6,24.6
16.06.1940,1940,6,259.6,23.7,19.7,27.8
16.07.1940,1940,7,177.4,27.6,23,32.3
16.08.1940,1940,8,131,27,22,32
16.09.1940,1940,9,116.5,23.1,18.3,27.9
16.10.1940,1940,10,167.9,18.6,13.5,23.8
16.11.1940,1940,11,54.9,12.5,7.5,17.5
16.12.1940,1940,12,46.3,7.9,2.7,13.1
16.01.1941,1941,1,78.9,6.1,1.6,10.6
15.02.1941,1941,2,173.9,6.9,2.8,11
16.03.1941,1941,3,186.8,11.1,6.4,15.8
16.04.1941,1941,4,188.8,16,11.1,20.9
16.05.1941,1941,5,214.1,21.2,16.4,26.1
16.06.1941,1941,6,196.1,24.6,20,29.3
16.07.1941,1941,7,292.6,27.2,22.8,31.6
16.08.1941,1941,8,106.7,27.6,22.6,32.7
16.09.1941,1941,9,112.5,23.1,18.3,27.9
16.10.1941,1941,10,31,18.7,13.1,24.3
16.11.1941,1941,11,126.2,12.6,7.8,17.4
16.12.1941,1941,12,76.6,7.8,3.2,12.4
16.01.1942,1942,1,38.1,4.7,-0.9,10.3
15.02.1942,1942,2,120.4,5.7,2.4,9.1
16.03.1942,1942,3,204,12.4,7.8,17.1
16.04.1942,1942,4,265.7,16.6,11.2,22.1
16.05.1942,1942,5,263.3,20.6,15.9,25.3
16.06.1942,1942,6,435.9,24,20.1,28
16.07.1942,1942,7,158.4,27.6,23,32.3
16.08.1942,1942,8,71.5,27.7,22.5,32.9
16.09.1942,1942,9,87,23.6,18.9,28.3
16.10.1942,1942,10,38.9,18.2,12.7,23.8
16.11.1942,1942,11,31.1,12.8,6.6,19
16.12.1942,1942,12,33.3,5.8,0.1,11.5
16.01.1943,1943,1,32.2,3.7,-1.5,8.9
15.02.1943,1943,2,84.5,5.7,0.8,10.7
16.03.1943,1943,3,197.8,11.7,6.9,16.5
16.04.1943,1943,4,111,16,10.9,21.2
16.05.1943,1943,5,232.8,21.8,17.1,26.5
16.06.1943,1943,6,288.8,24.1,20.1,28.2
16.07.1943,1943,7,176.8,26.6,21.9,31.3
16.08.1943,1943,8,115.1,26.8,21.5,32.2
16.09.1943,1943,9,97.1,24.1,18.9,29.4
16.10.1943,1943,10,61.4,18.1,12.2,24.1
16.11.1943,1943,11,49.6,12.7,6.9,18.5
16.12.1943,1943,12,30.4,7.5,1.5,13.6
16.01.1944,1944,1,46.5,6.2,2,10.4
15.02.1944,1944,2,157.8,6,1.8,10.2
16.03.1944,1944,3,139,10.1,5.1,15.2
16.04.1944,1944,4,220,16.5,12,21
16.05.1944,1944,5,292.3,21,16.5,25.6
16.06.1944,1944,6,275.8,23.5,19.4,27.6
16.07.1944,1944,7,96.5,27.8,22.6,33
16.08.1944,1944,8,111.2,27.1,21.7,32.5
16.09.1944,1944,9,70.5,23.8,19.2,28.5
16.10.1944,1944,10,110.3,18.3,13.6,23
16.11.1944,1944,11,88,13.2,8.4,18.1
16.12.1944,1944,12,41.1,4.1,-1.1,9.3
16.01.1945,1945,1,79.4,3.9,-0.3,8.1
15.02.1945,1945,2,189.9,4.3,0.8,7.8
16.03.1945,1945,3,139.5,9.8,4.4,15.3
16.04.1945,1945,4,151.2,16,10.7,21.3
16.05.1945,1945,5,143.4,19.6,14.3,25
16.06.1945,1945,6,234.3,24.1,19.6,28.7
16.07.1945,1945,7,203.3,27.5,22.4,32.7
16.08.1945,1945,8,84.8,27.1,22,32.2
16.09.1945,1945,9,150.1,23.4,19.2,27.6
16.10.1945,1945,10,57.7,16.5,11,22
16.11.1945,1945,11,54,12.8,7.7,18
16.12.1945,1945,12,73.3,6.9,2.2,11.7
16.01.1946,1946,1,22.5,6.6,1,12.3
15.02.1946,1946,2,72.2,8.2,2.7,13.8
16.03.1946,1946,3,328.5,11.3,7.6,15.1
16.04.1946,1946,4,159.7,18.2,12.9,23.6
16.05.1946,1946,5,252.2,21.5,17.1,26
16.06.1946,1946,6,246,24.9,20.5,29.4
16.07.1946,1946,7,287,27.2,22.7,31.8
16.08.1946,1946,8,137.7,27.6,22.2,33
16.09.1946,1946,9,102.6,24.7,19.5,29.9
16.10.1946,1946,10,27.1,17,11.6,22.4
16.11.1946,1946,11,77.7,12.5,7.2,17.9
16.12.1946,1946,12,114.4,5.9,1.7,10.2
16.01.1947,1947,1,144.6,5.8,2.6,9
15.02.1947,1947,2,114,5.1,0.9,9.3
16.03.1947,1947,3,129.7,11,5.9,16.2
16.04.1947,1947,4,159.1,16.6,11.5,21.7
16.05.1947,1947,5,250.2,20.7,16.1,25.3
16.06.1947,1947,6,277.2,23.5,19.3,27.8
16.07.1947,1947,7,157.7,27.6,22.8,32.5
16.08.1947,1947,8,108.2,28,23,33.1
16.09.1947,1947,9,85.5,24.5,18.9,30.1
16.10.1947,1947,10,67,16.8,12,21.7
16.11.1947,1947,11,25.9,12.7,6.5,18.9
16.12.1947,1947,12,70.6,6.3,1.5,11.1
16.01.1948,1948,1,78,4.6,-0.9,10.1
15.02.1948,1948,2,190.5,7.3,3.6,11.1
16.03.1948,1948,3,211.6,10.8,6.8,14.9
16.04.1948,1948,4,133.1,17.3,13,21.6
16.05.1948,1948,5,342.7,20.7,17.1,24.4
16.06.1948,1948,6,301,24.7,21,28.5
16.07.1948,1948,7,172.8,27.5,23,32.1
16.08.1948,1948,8,90.1,27.8,22.9,32.8
16.09.1948,1948,9,70.5,23.9,19.6,28.2
16.10.1948,1948,10,32.5,18,13.5,22.6
16.11.1948,1948,11,48.7,11,6.1,16
16.12.1948,1948,12,97.9,8.9,5,12.9
16.01.1949,1949,1,16.8,4.3,-0.7,9.3
15.02.1949,1949,2,153.8,7.4,3.3,11.5
16.03.1949,1949,3,244.9,10.7,6.6,14.8
16.04.1949,1949,4,227.7,15.9,11.4,20.5
16.05.1949,1949,5,329.6,21.9,17.3,26.5
16.06.1949,1949,6,320.7,23.7,19.9,27.5
16.07.1949,1949,7,177.6,27.4,22.7,32.1
16.08.1949,1949,8,203.2,26.9,22.2,31.7
16.09.1949,1949,9,63.2,24.6,19.9,29.4
16.10.1949,1949,10,94.7,18.2,13.5,23
16.11.1949,1949,11,118.5,12.4,8.3,16.6
16.12.1949,1949,12,115,8.1,4.3,12
16.01.1950,1950,1,78.3,7.1,2.6,11.7
15.02.1950,1950,2,142.6,5.9,2,9.9
16.03.1950,1950,3,159.3,11.4,7.4,15.5
16.04.1950,1950,4,187.5,16.2,11.8,20.6
16.05.1950,1950,5,220.4,21.3,16.9,25.8
16.06.1950,1950,6,278.1,24.1,19.9,28.4
16.07.1950,1950,7,114.8,27.9,23.1,32.8
16.08.1950,1950,8,185.5,27.1,22,32.2
16.09.1950,1950,9,143.8,23.2,18.8,27.6
16.10.1950,1950,10,33.3,18.8,14.6,23.1
16.11.1950,1950,11,101,11.6,6.7,16.6
16.12.1950,1950,12,29.9,5.3,-0.3,10.9
16.01.1951,1951,1,56.3,3.9,-0.9,8.7
15.02.1951,1951,2,115,6.2,2,10.4
16.03.1951,1951,3,190.6,8.9,4.8,13
16.04.1951,1951,4,255.4,14.2,10.9,17.5
16.05.1951,1951,5,161.9,21.8,16.6,27
16.06.1951,1951,6,216.9,23.9,19.5,28.4
16.07.1951,1951,7,217.2,26.7,22.2,31.2
16.08.1951,1951,8,91.6,28.6,23.2,34
16.09.1951,1951,9,152.3,22.9,18.4,27.4
16.10.1951,1951,10,71.7,19.3,14,24.7
16.11.1951,1951,11,94.2,11.7,6.6,16.8
16.12.1951,1951,12,75.4,8.4,2.7,14.2
16.01.1952,1952,1,63.5,5.7,0.7,10.8
15.02.1952,1952,2,167.4,4.4,1.5,7.4
16.03.1952,1952,3,231.5,8.9,5.5,12.4
16.04.1952,1952,4,179.9,16.9,12,21.9
16.05.1952,1952,5,375.6,21.1,17.5,24.8
16.06.1952,1952,6,196.5,24.8,20.6,29
16.07.1952,1952,7,173,27.1,23.2,31
16.08.1952,1952,8,122.8,27,22.1,31.9
16.09.1952,1952,9,154.6,23.8,19.3,28.4
16.10.1952,1952,10,85.1,17.1,13,21.3
16.11.1952,1952,11,19.7,13.8,9.2,18.4
16.12.1952,1952,12,23.1,4.8,-0.5,10.1
16.01.1953,1953,1,89.2,4.3,0.5,8.2
15.02.1953,1953,2,96.1,6.8,3.7,10
16.03.1953,1953,3,193.9,10.9,7.1,14.8
16.04.1953,1953,4,137.7,14.9,10.4,19.4
16.05.1953,1953,5,212.1,21.2,16.8,25.7
16.06.1953,1953,6,320.3,25.2,21.3,29.1
16.07.1953,1953,7,66.6,29.1,24.6,33.6
16.08.1953,1953,8,145.1,29,24,34.1
16.09.1953,1953,9,146.7,22.4,18.8,26
16.10.1953,1953,10,174.2,18.9,15.4,22.4
16.11.1953,1953,11,149.1,12.2,8.7,15.8
16.12.1953,1953,12,81.2,7.5,4.2,10.8
16.01.1954,1954,1,139.4,5.9,2.9,9
15.02.1954,1954,2,115.5,6.6,2.4,10.9
16.03.1954,1954,3,80.6,8.8,3.8,13.9
16.04.1954,1954,4,252,15.9,12,19.9
16.05.1954,1954,5,490.2,20.7,17,24.4
16.06.1954,1954,6,574.2,23.4,20.2,26.7
16.07.1954,1954,7,394,26.3,22.9,29.8
16.08.1954,1954,8,123.3,27.7,23.3,32.2
16.09.1954,1954,9,45.7,24.3,19.2,29.5
16.10.1954,1954,10,25.3,17.7,12.4,23
16.11.1954,1954,11,32.7,13.9,8.5,19.4
16.12.1954,1954,12,78,4.2,0.3,8.2
16.01.1955,1955,1,42.4,1.9,-3.1,6.9
15.02.1955,1955,2,142.3,7.8,3.7,11.9
16.03.1955,1955,3,230.2,10.2,6.6,13.9
16.04.1955,1955,4,214.9,16.3,11.8,20.8
16.05.1955,1955,5,209.7,20.7,16.9,24.6
16.06.1955,1955,6,493.4,24.3,20.5,28.1
16.07.1955,1955,7,88.8,27.2,23.1,31.3
16.08.1955,1955,8,158.8,26.8,22.2,31.5
16.09.1955,1955,9,41,25.7,20.5,31
16.10.1955,1955,10,9.6,17.1,11.4,22.9
16.11.1955,1955,11,47.7,10.8,4.9,16.7
16.12.1955,1955,12,20.3,8.5,2.3,14.8
16.01.1956,1956,1,45.5,3.8,-0.9,8.5
15.02.1956,1956,2,70.2,6.2,2.4,10.1
16.03.1956,1956,3,262.3,9.6,5.7,13.6
16.04.1956,1956,4,150.5,16.9,12.2,21.6
16.05.1956,1956,5,448,19.4,15.9,23
16.06.1956,1956,6,282.8,25.8,21.9,29.8
16.07.1956,1956,7,41.1,28.9,24.3,33.6
16.08.1956,1956,8,192.5,27.1,22.8,31.5
16.09.1956,1956,9,157,23,18.9,27.1
16.10.1956,1956,10,47.3,17.2,12.2,22.3
16.11.1956,1956,11,10.8,9.8,4.4,15.2
16.12.1956,1956,12,21.9,5.4,0.8,10.1
16.01.1957,1957,1,113.6,5.4,1.3,9.6
15.02.1957,1957,2,100.8,2.9,-0.6,6.4
16.03.1957,1957,3,146.6,9.3,5,13.6
16.04.1957,1957,4,265.7,16.5,12.2,20.9
16.05.1957,1957,5,263.9,19.9,16.1,23.8
16.06.1957,1957,6,177.6,23.8,20.1,27.6
16.07.1957,1957,7,94.8,28.4,24.2,32.7
16.08.1957,1957,8,196.1,27.1,23.1,31.2
16.09.1957,1957,9,128.7,21.8,17.4,26.2
16.10.1957,1957,10,89.6,16.7,11.7,21.8
16.11.1957,1957,11,38.1,13,8,18.1
16.12.1957,1957,12,70.6,7.8,4,11.7
16.01.1958,1958,1,54.5,3.7,-0.6,8
15.02.1958,1958,2,74.5,5.9,1.3,10.5
16.03.1958,1958,3,191.2,11.7,7.7,15.7
16.04.1958,1958,4,249.2,17.9,13.7,22.2
16.05.1958,1958,5,359.2,19.7,15.7,23.8
16.06.1958,1958,6,77.6,24.9,21,28.8
16.07.1958,1958,7,56.4,28.3,23.7,32.9
16.08.1958,1958,8,90.9,26.7,22.2,31.2
16.09.1958,1958,9,73.4,23.1,18.9,27.3
16.10.1958,1958,10,101,15.9,11.5,20.3
16.11.1958,1958,11,19.3,11.1,5.7,16.5
16.12.1958,1958,12,25.1,7.6,2.2,13.1
16.01.1959,1959,1,51.6,3.6,-1.3,8.5
15.02.1959,1959,2,278.3,6.8,4,9.7
16.03.1959,1959,3,96.2,12.5,8,17
16.04.1959,1959,4,204.2,16.8,12.2,21.5
16.05.1959,1959,5,271.3,20.1,16.6,23.6
16.06.1959,1959,6,303.1,24,20.3,27.8
16.07.1959,1959,7,119,27.9,23.6,32.3
16.08.1959,1959,8,104.7,28.2,23.5,32.9
16.09.1959,1959,9,96.1,23.4,19.1,27.8
16.10.1959,1959,10,17.8,18.2,13.1,23.3
16.11.1959,1959,11,87,11.8,7.4,16.2
16.12.1959,1959,12,64.6,7.5,4,11
16.01.1960,1960,1,88.4,4.8,0.3,9.3
15.02.1960,1960,2,36,8.6,3.5,13.8
16.03.1960,1960,3,219.1,12.9,9.3,16.5
16.04.1960,1960,4,183.8,15.4,11.4,19.4
16.05.1960,1960,5,266.2,19.7,15.7,23.7
16.06.1960,1960,6,235.4,24.8,21.2,28.5
16.07.1960,1960,7,92.9,28.3,23.7,32.9
16.08.1960,1960,8,103.1,26.8,23,30.7
16.09.1960,1960,9,110.1,24.4,20.2,28.6
16.10.1960,1960,10,12.8,17.8,12.6,23
16.11.1960,1960,11,91.7,12.3,8,16.6
16.12.1960,1960,12,21.4,5.4,0.4,10.5
16.01.1961,1961,1,60.9,4,-0.8,8.8
15.02.1961,1961,2,158.6,6,2.1,10
16.03.1961,1961,3,205.2,10.5,6.7,14.3
16.04.1961,1961,4,152.5,16.7,12.4,21
16.05.1961,1961,5,213.2,20.8,16.6,25
16.06.1961,1961,6,224.5,25.9,22,29.8
16.07.1961,1961,7,91.8,28.5,23.8,33.2
16.08.1961,1961,8,122.6,27.8,23.3,32.3
16.09.1961,1961,9,143.5,23.8,19.6,28.1
16.10.1961,1961,10,39.1,18.3,13.4,23.3
16.11.1961,1961,11,72.5,13.4,9.2,17.6
16.12.1961,1961,12,36.6,7,2.6,11.4
16.01.1962,1962,1,31.1,2.9,-2.2,8
15.02.1962,1962,2,48.7,7.7,2,13.5
16.03.1962,1962,3,117.8,9.9,4.8,15
16.04.1962,1962,4,239.7,14.9,10.2,19.6
16.05.1962,1962,5,295.7,20.1,16.3,23.9
16.06.1962,1962,6,287.3,23.5,20.2,26.8
16.07.1962,1962,7,128.9,27.9,23.7,32.2
16.08.1962,1962,8,137,27.2,22.4,32.1
16.09.1962,1962,9,105.1,23.8,19.6,28.1
16.10.1962,1962,10,89.9,17.3,12.6,22.1
16.11.1962,1962,11,82.6,11,6.4,15.6
16.12.1962,1962,12,34,6.6,1.3,11.9
16.01.1963,1963,1,0.2,2.6,-3,8.2
15.02.1963,1963,2,29.4,5.8,0.6,11
16.03.1963,1963,3,86.4,11.2,6.2,16.3
16.04.1963,1963,4,166.8,16.6,11.8,21.4
16.05.1963,1963,5,255.3,22.4,18.2,26.7
16.06.1963,1963,6,172.2,23.7,19.8,27.6
16.07.1963,1963,7,109.3,27.3,23.1,31.6
16.08.1963,1963,8,135.5,27.4,22.7,32.2
16.09.1963,1963,9,78.2,24.3,20.1,28.5
16.10.1963,1963,10,20.9,16.9,11.7,22.2
16.11.1963,1963,11,94.4,12.7,8.6,16.8
16.12.1963,1963,12,41.6,6.6,1.8,11.5
16.01.1964,1964,1,97.3,5.3,2.1,8.6
15.02.1964,1964,2,96.4,2.5,-0.7,5.7
16.03.1964,1964,3,93.3,10.7,6.2,15.2
16.04.1964,1964,4,178.9,18.7,14.9,22.6
16.05.1964,1964,5,196,20.5,16.8,24.3
16.06.1964,1964,6,353.6,23.2,19.7,26.7
16.07.1964,1964,7,70.4,28.5,23.6,33.5
16.08.1964,1964,8,77.2,27.4,22.8,32.1
16.09.1964,1964,9,65.9,25,20.3,29.8
16.10.1964,1964,10,87.2,18.4,14.5,22.4
16.11.1964,1964,11,4.2,11.3,5.4,17.2
16.12.1964,1964,12,15.2,6.2,1.2,11.3
16.01.1965,1965,1,14.3,6,0.7,11.4
15.02.1965,1965,2,152.7,7.6,4.4,10.9
16.03.1965,1965,3,124.2,9.4,5,13.8
16.04.1965,1965,4,271.4,14.4,10.6,18.2
16.05.1965,1965,5,103,20.9,16.3,25.5
16.06.1965,1965,6,214.3,22.6,18.8,26.5
16.07.1965,1965,7,131.9,27.4,23.3,31.6
16.08.1965,1965,8,173.4,26.1,21.7,30.6
16.09.1965,1965,9,78.6,22.2,17.6,26.9
16.10.1965,1965,10,114.4,17.7,13.5,22
16.11.1965,1965,11,98.8,13.3,8.9,17.8
16.12.1965,1965,12,105.6,5.1,1.2,9
16.01.1966,1966,1,69.9,5.5,1.2,9.9
15.02.1966,1966,2,101.3,8,3.3,12.8
16.03.1966,1966,3,173.9,12,7.6,16.4
16.04.1966,1966,4,286.5,16,12.4,19.6
16.05.1966,1966,5,140.3,20.5,15.9,25.2
16.06.1966,1966,6,242,23.4,19.7,27.1
16.07.1966,1966,7,201.7,27.3,23,31.6
16.08.1966,1966,8,21.3,28.2,22.7,33.8
16.09.1966,1966,9,36.2,22,16.6,27.5
16.10.1966,1966,10,55,18,12.8,23.2
16.11.1966,1966,11,66.6,12.3,7,17.7
16.12.1966,1966,12,74.3,5.7,2.2,9.2
16.01.1967,1967,1,41.2,3.4,-1.7,8.5
15.02.1967,1967,2,92.4,5.2,1,9.4
16.03.1967,1967,3,213,10.8,6,15.7
16.04.1967,1967,4,180,15.7,12.1,19.4
16.05.1967,1967,5,392.9,21.8,18.4,25.3
16.06.1967,1967,6,311.9,25,21.1,29
16.07.1967,1967,7,48.2,27.8,23.1,32.5
16.08.1967,1967,8,34.7,29.1,23.7,34.6
16.09.1967,1967,9,27.7,23.3,18,28.7
16.10.1967,1967,10,28.8,17.4,12.2,22.7
16.11.1967,1967,11,109.6,11.8,8,15.7
16.12.1967,1967,12,15.8,2.5,-2.4,7.4
16.01.1968,1968,1,48.3,4.2,-0.2,8.6
15.02.1968,1968,2,34.1,3.1,-1,7.2
16.03.1968,1968,3,156.6,10.7,6.5,15
16.04.1968,1968,4,163.5,15.9,11.2,20.6
16.05.1968,1968,5,274.5,20.5,16.6,24.5
16.06.1968,1968,6,176.7,23.4,19.3,27.5
16.07.1968,1968,7,188.6,26.6,22.3,31
16.08.1968,1968,8,74.2,27.2,22.6,31.8
16.09.1968,1968,9,73.4,23.9,19,28.8
16.10.1968,1968,10,28.7,16.8,11.8,21.8
16.11.1968,1968,11,31.4,13.3,8.1,18.6
16.12.1968,1968,12,143.9,9.7,6.2,13.2
16.01.1969,1969,1,142.4,4.1,0.5,7.8
15.02.1969,1969,2,108.8,2.8,-0.9,6.5
16.03.1969,1969,3,153.2,9.4,5.5,13.3
16.04.1969,1969,4,161.5,16.8,12.2,21.5
16.05.1969,1969,5,228.6,21.9,17.7,26.2
16.06.1969,1969,6,354.3,22.6,18.8,26.5
16.07.1969,1969,7,298.2,26.9,22.9,30.9
16.08.1969,1969,8,173.6,27.2,23,31.5
16.09.1969,1969,9,66.9,24.5,20.1,28.9
16.10.1969,1969,10,33.9,17.5,12.2,22.8
16.11.1969,1969,11,44.6,10,5.1,14.9
16.12.1969,1969,12,21.9,5.2,-0.4,10.8
16.01.1970,1970,1,56.5,2.7,-1.6,7
15.02.1970,1970,2,95.2,7.4,3.1,11.7
16.03.1970,1970,3,240,7.1,3.8,10.5
16.04.1970,1970,4,186.4,14.8,10.4,19.3
16.05.1970,1970,5,342.3,20.9,17,24.8
16.06.1970,1970,6,338.8,23.1,19.8,26.5
16.07.1970,1970,7,226.9,26.8,22.7,30.9
16.08.1970,1970,8,59.2,27.8,23.1,32.6
16.09.1970,1970,9,152.2,23.7,20,27.4
16.10.1970,1970,10,57.7,18,13.6,22.4
16.11.1970,1970,11,83.4,11.2,6.6,15.9
16.12.1970,1970,12,61.1,6.9,3.1,10.7
16.01.1971,1971,1,19.3,4,-1,9
15.02.1971,1971,2,99.5,5.9,1.4,10.5
16.03.1971,1971,3,116.8,9.5,4.9,14.2
16.04.1971,1971,4,125.2,16.5,12.1,20.9
16.05.1971,1971,5,246.6,20.6,16.6,24.7
16.06.1971,1971,6,306.8,25.7,21.9,29.5
16.07.1971,1971,7,29.1,29.2,24.2,34.3
16.08.1971,1971,8,67.8,28,22.5,33.5
16.09.1971,1971,9,123.3,23.1,19.1,27.2
16.10.1971,1971,10,59.1,16.2,11.7,20.8
16.11.1971,1971,11,12.5,11.7,6.4,17.1
16.12.1971,1971,12,51,6.4,1.5,11.4
16.01.1972,1972,1,23,5.6,1.2,10.1
15.02.1972,1972,2,205.3,3.3,0.3,6.4
16.03.1972,1972,3,125.5,11.4,6.2,16.7
16.04.1972,1972,4,124.5,15.2,11.1,19.4
16.05.1972,1972,5,190.5,20.9,16.9,25
16.06.1972,1972,6,174.7,24.8,21,28.7
16.07.1972,1972,7,114.9,26.7,22.4,31
16.08.1972,1972,8,205.6,26.6,22.6,30.7
16.09.1972,1972,9,80.9,22.5,18,27.1
16.10.1972,1972,10,212.5,17.7,12.9,22.6
16.11.1972,1972,11,114.9,12.5,8.2,16.9
16.12.1972,1972,12,76.6,6.7,2.2,11.3
16.01.1973,1973,1,80,5,1.2,8.9
15.02.1973,1973,2,235.4,8.5,4.9,12.1
16.03.1973,1973,3,167.1,11.8,8,15.6
16.04.1973,1973,4,286.6,17.6,13.5,21.8
16.05.1973,1973,5,531.3,19.7,16.2,23.2
16.06.1973,1973,6,303.4,23.6,20,27.2
16.07.1973,1973,7,174.9,27,23,31.1
16.08.1973,1973,8,49.1,27.9,22.9,32.9
16.09.1973,1973,9,206.1,22.4,18.5,26.3
16.10.1973,1973,10,68.5,17.5,13,22.1
16.11.1973,1973,11,9.9,11.6,6.4,16.9
16.12.1973,1973,12,1.6,5.6,-0.4,11.6
16.01.1974,1974,1,86.5,4,-0.2,8.2
15.02.1974,1974,2,99.9,5.3,0.9,9.8
16.03.1974,1974,3,86.2,10.4,5.7,15.2
16.04.1974,1974,4,154.2,17.7,12.8,22.7
16.05.1974,1974,5,198.7,21.6,17.5,25.8
16.06.1974,1974,6,259.9,23.5,19.4,27.6
16.07.1974,1974,7,289.4,26.6,22.7,30.5
16.08.1974,1974,8,100.1,26.5,22.2,30.9
16.09.1974,1974,9,34.1,23.4,18.4,28.5
16.10.1974,1974,10,72.3,18.1,13.7,22.5
16.11.1974,1974,11,55.7,12.6,8.1,17.2
16.12.1974,1974,12,134.2,6.1,2.7,9.5
16.01.1975,1975,1,38.5,5.8,1.9,9.7
15.02.1975,1975,2,148.2,7.4,3.6,11.3
16.03.1975,1975,3,144.6,10.5,6.5,14.6
16.04.1975,1975,4,367.8,16.3,12.6,20.1
16.05.1975,1975,5,293.7,19.4,16,22.8
16.06.1975,1975,6,286.6,24,20.3,27.8
16.07.1975,1975,7,140.5,27.4,23.1,31.7
16.08.1975,1975,8,190.3,27.4,23.6,31.3
16.09.1975,1975,9,122.8,25.5,21.4,29.7
16.10.1975,1975,10,140.8,18.7,15,22.4
16.11.1975,1975,11,75.6,11.4,7.3,15.5
16.12.1975,1975,12,89.5,4.4,-0.3,9.1
16.01.1976,1976,1,26.8,4.6,-0.3,9.5
15.02.1976,1976,2,126.4,8.1,4.1,12.1
16.03.1976,1976,3,198,9.4,5.9,13
16.04.1976,1976,4,223,15.6,11.6,19.6
16.05.1976,1976,5,183.7,21.3,17.5,25.2
16.06.1976,1976,6,321.9,23.3,19.8,26.8
16.07.1976,1976,7,154.6,26.4,22.1,30.8
16.08.1976,1976,8,42.1,28.4,23.4,33.4
16.09.1976,1976,9,90.5,22.3,17.6,27
16.10.1976,1976,10,109.6,18,13.2,22.8
16.11.1976,1976,11,45.9,8.7,3.7,13.7
16.12.1976,1976,12,51.9,6.6,2.4,10.8
16.01.1977,1977,1,93,1.1,-2.3,4.5
15.02.1977,1977,2,54.6,4.8,0.3,9.3
16.03.1977,1977,3,117,12.1,7.6,16.7
16.04.1977,1977,4,331.6,17.6,13.6,21.7
16.05.1977,1977,5,320.4,20.6,17.1,24.2
16.06.1977,1977,6,402.4,23.6,20.5,26.7
16.07.1977,1977,7,149.2,27.8,23.7,32
16.08.1977,1977,8,183.7,26.5,22.5,30.6
16.09.1977,1977,9,103.8,23.4,19.6,27.2
16.10.1977,1977,10,39.1,19.4,14.4,24.4
16.11.1977,1977,11,37.9,11.6,6.3,17
16.12.1977,1977,12,95.2,8.9,4.1,13.8
16.01.1978,1978,1,77.5,5.1,0.5,9.7
15.02.1978,1978,2,77.2,6.4,2.1,10.7
16.03.1978,1978,3,166.4,9.8,6,13.6
16.04.1978,1978,4,153.3,16.6,12.1,21.1
16.05.1978,1978,5,155.3,20.8,16.8,24.9
16.06.1978,1978,6,171.3,24.4,20.9,28
16.07.1978,1978,7,55.6,28.9,23.9,33.9
16.08.1978,1978,8,42.5,28.3,23.2,33.5
16.09.1978,1978,9,61.9,24,19.5,28.6
16.10.1978,1978,10,36.6,18,12.9,23.2
16.11.1978,1978,11,30.4,12.1,8.1,16.2
16.12.1978,1978,12,24.5,7.6,2.3,12.9
16.01.1979,1979,1,71.1,6.1,1.9,10.3
15.02.1979,1979,2,52.6,8.9,4.8,13.1
16.03.1979,1979,3,193.9,10.4,6.5,14.3
16.04.1979,1979,4,178,16.3,12,20.6
16.05.1979,1979,5,169.2,19.7,15.3,24.2
16.06.1979,1979,6,271.4,24.9,20.6,29.2
16.07.1979,1979,7,95.5,28,23.8,32.2
16.08.1979,1979,8,84.2,27.6,23.2,32
16.09.1979,1979,9,99,23.2,19.1,27.4
16.10.1979,1979,10,0.1,18,12.5,23.6
16.11.1979,1979,11,20.9,10.8,5.2,16.4
16.12.1979,1979,12,29.3,8.6,4,13.3
16.01.1980,1980,1,73.7,5.3,1.3,9.3
15.02.1980,1980,2,98.2,4.7,1.4,8
16.03.1980,1980,3,308.5,9.8,6.5,13.2
16.04.1980,1980,4,177.4,15.3,10.8,19.8
16.05.1980,1980,5,175.6,20.8,16,25.6
16.06.1980,1980,6,307.6,25.3,21.5,29.1
16.07.1980,1980,7,161.5,27.5,23.2,31.8
16.08.1980,1980,8,336,25.6,22.2,29
16.09.1980,1980,9,61.6,22.2,18,26.5
16.10.1980,1980,10,85,18.5,13.7,23.4
16.11.1980,1980,11,23.5,13.8,8.5,19.1
16.12.1980,1980,12,12.2,6.7,1.6,11.9
16.01.1981,1981,1,77.1,3.7,-0.4,7.8
15.02.1981,1981,2,102.1,7,3.2,10.9
16.03.1981,1981,3,258.7,12.2,8.5,15.9
16.04.1981,1981,4,198.2,17,13.2,20.8
16.05.1981,1981,5,149,20.6,15.8,25.4
16.06.1981,1981,6,162.1,24.6,20.6,28.7
16.07.1981,1981,7,190.2,27.7,23.7,31.8
16.08.1981,1981,8,87.2,28.3,24,32.6
16.09.1981,1981,9,79.6,22.8,18.9,26.8
16.10.1981,1981,10,153.7,16.6,12,21.3
16.11.1981,1981,11,151.8,10.6,6.8,14.5
16.12.1981,1981,12,13.3,5.9,0.8,11.1
16.01.1982,1982,1,41.3,5.7,1.2,10.2
15.02.1982,1982,2,146.6,6.1,3.1,9.2
16.03.1982,1982,3,207.1,10.9,6.9,14.9
16.04.1982,1982,4,129.9,15.9,11,20.8
16.05.1982,1982,5,143.7,22.3,17.8,26.9
16.06.1982,1982,6,270,23.2,19.6,26.8
16.07.1982,1982,7,132.7,26.8,22.7,30.9
16.08.1982,1982,8,116.8,27.1,23,31.2
16.09.1982,1982,9,88.5,22.6,18.8,26.4
16.10.1982,1982,10,62.4,19.5,15,24.1
16.11.1982,1982,11,134.4,13.2,9.4,17
16.12.1982,1982,12,21.8,5.7,0.5,10.9
16.01.1983,1983,1,55.4,4.7,0.7,8.7
15.02.1983,1983,2,101,6.4,2.5,10.3
16.03.1983,1983,3,114.2,10.1,6.3,13.9
16.04.1983,1983,4,327,17,12.9,21.2
16.05.1983,1983,5,326.1,22.2,18.2,26.3
16.06.1983,1983,6,410.7,24.2,20.8,27.7
16.07.1983,1983,7,246.2,27.4,23.8,31
16.08.1983,1983,8,85.9,28,23.1,33
16.09.1983,1983,9,166.4,25.1,21,29.3
16.10.1983,1983,10,173.9,19.2,15.2,23.2
16.11.1983,1983,11,18.4,12.1,6.9,17.3
16.12.1983,1983,12,33.8,6,1.2,10.9
16.01.1984,1984,1,79,2.4,-1.8,6.6
15.02.1984,1984,2,55.2,3.7,0.9,6.6
16.03.1984,1984,3,146.5,10.5,6.4,14.6
16.04.1984,1984,4,208.1,15.6,11.8,19.5
16.05.1984,1984,5,187.3,20.2,16.2,24.3
16.06.1984,1984,6,254.3,25.4,21.7,29.1
16.07.1984,1984,7,120.3,28.1,23.8,32.4
16.08.1984,1984,8,126.2,27.6,23.3,31.9
16.09.1984,1984,9,135.8,23,18.9,27.2
16.10.1984,1984,10,65.4,17.8,13.2,22.4
16.11.1984,1984,11,52.4,13.8,8.9,18.8
16.12.1984,1984,12,71.1,5.3,1.2,9.5
16.01.1985,1985,1,36.2,4.7,0.7,8.8
15.02.1985,1985,2,163,6.7,3.4,10.1
16.03.1985,1985,3,209.2,8.1,4.9,11.4
16.04.1985,1985,4,93.9,17,12.4,21.7
16.05.1985,1985,5,203.7,22.6,18.8,26.5
16.06.1985,1985,6,155.2,23.9,20.1,27.8
16.07.1985,1985,7,155.2,27.6,23.4,31.8
16.08.1985,1985,8,58,27.8,23.4,32.3
16.09.1985,1985,9,153.4,24.1,20.1,28.1
16.10.1985,1985,10,43.2,18.9,14.9,23
16.11.1985,1985,11,71.6,12.2,7.2,17.2
16.12.1985,1985,12,43.1,5.1,0.5,9.8
16.01.1986,1986,1,26.1,5.1,0.6,9.6
15.02.1986,1986,2,57.6,5.5,1.6,9.5
16.03.1986,1986,3,151.5,10.5,5.9,15.1
16.04.1986,1986,4,263.4,16.6,12.9,20.3
16.05.1986,1986,5,111.9,22,17.1,26.9
16.06.1986,1986,6,339,24.9,21.5,28.3
16.07.1986,1986,7,158.5,27.7,23.5,32
16.08.1986,1986,8,33.3,27.6,22.7,32.5
16.09.1986,1986,9,86.8,23.3,18.6,28
16.10.1986,1986,10,110.8,17.4,12.6,22.3
16.11.1986,1986,11,47.4,11.7,7.7,15.8
16.12.1986,1986,12,27.2,7.4,2.6,12.3
16.01.1987,1987,1,59.5,6.7,2.2,11.3
15.02.1987,1987,2,64.7,8.4,4,12.9
16.03.1987,1987,3,261.9,10.6,6.9,14.4
16.04.1987,1987,4,218.9,16.2,11.6,20.9
16.05.1987,1987,5,205.9,21,16.9,25.2
16.06.1987,1987,6,216.4,23.4,19.4,27.4
16.07.1987,1987,7,190.4,27.3,23.4,31.2
16.08.1987,1987,8,117.2,28.1,23.8,32.4
16.09.1987,1987,9,89.8,22.9,18.6,27.3
16.10.1987,1987,10,130,19.3,15.4,23.2
16.11.1987,1987,11,99.1,13,8.7,17.3
16.12.1987,1987,12,0.9,6.7,0.9,12.6
16.01.1988,1988,1,55,5.9,2.4,9.5
15.02.1988,1988,2,161.9,5.4,2.1,8.8
16.03.1988,1988,3,167.7,8.7,5,12.4
16.04.1988,1988,4,85.1,16.4,11.7,21.2
16.05.1988,1988,5,309.1,21.2,17.3,25.1
16.06.1988,1988,6,269.6,25.2,21.4,29
16.07.1988,1988,7,33.2,29.7,24.8,34.7
16.08.1988,1988,8,163.9,27.3,23.1,31.6
16.09.1988,1988,9,173.6,22.7,19,26.5
16.10.1988,1988,10,17.7,18.5,13.8,23.3
16.11.1988,1988,11,3.1,11.7,5.9,17.6
16.12.1988,1988,12,7.8,7.7,2.2,13.3
16.01.1989,1989,1,135.2,5.3,2.1,8.5
15.02.1989,1989,2,118,6.1,2.6,9.7
16.03.1989,1989,3,136.2,10.1,5.8,14.5
16.04.1989,1989,4,253,16.4,12.9,19.9
16.05.1989,1989,5,283.5,20.4,16.7,24.2
16.06.1989,1989,6,302.2,24.4,20.6,28.3
16.07.1989,1989,7,261.8,27.5,23.6,31.4
16.08.1989,1989,8,111.9,27.4,23.4,31.4
16.09.1989,1989,9,123.9,23.7,20.1,27.3
16.10.1989,1989,10,67,17.9,13.2,22.7
16.11.1989,1989,11,43.5,11.9,7.2,16.7
16.12.1989,1989,12,39.2,6.9,1.9,12
16.01.1990,1990,1,83.6,5.6,2,9.2
15.02.1990,1990,2,185.1,7.5,4.5,10.5
16.03.1990,1990,3,109.3,11.3,7.2,15.5
16.04.1990,1990,4,233.7,15.6,11.3,20
16.05.1990,1990,5,192.8,20.8,16.4,25.2
16.06.1990,1990,6,268.9,24.8,20.8,28.9
16.07.1990,1990,7,60.4,28.1,23.7,32.6
16.08.1990,1990,8,119.6,27.6,23.3,32
16.09.1990,1990,9,131.2,23.3,19.7,26.9
16.10.1990,1990,10,46.7,17.7,13.1,22.3
16.11.1990,1990,11,123.2,13.5,8.8,18.3
16.12.1990,1990,12,65.7,7.2,2.8,11.6
16.01.1991,1991,1,102.1,5,1.8,8.3
15.02.1991,1991,2,93.6,7.6,3.6,11.6
16.03.1991,1991,3,230.8,9.9,6.1,13.8
16.04.1991,1991,4,230.8,15.5,11.5,19.5
16.05.1991,1991,5,232.4,20.6,16.4,24.8
16.06.1991,1991,6,162.2,24.7,21.3,28.1
16.07.1991,1991,7,96.4,28,23.6,32.4
16.08.1991,1991,8,117.8,26.9,22.2,31.7
16.09.1991,1991,9,77.5,23.4,19,27.8
16.10.1991,1991,10,51.1,17.3,12.1,22.5
16.11.1991,1991,11,39,11.5,6.3,16.8
16.12.1991,1991,12,44.3,6.6,2.2,11
16.01.1992,1992,1,69.2,5,0.6,9.5
15.02.1992,1992,2,108.7,7.3,2.9,11.8
16.03.1992,1992,3,379.5,8.9,5.7,12.2
16.04.1992,1992,4,155.8,17.2,12.5,21.9
16.05.1992,1992,5,191.8,20.8,16.6,25
16.06.1992,1992,6,325.1,23.4,19.4,27.4
16.07.1992,1992,7,248.4,27,22.5,31.5
16.08.1992,1992,8,115.8,26.9,22.6,31.2
16.09.1992,1992,9,63.7,23.4,19.6,27.3
16.10.1992,1992,10,9.8,16.5,11.1,21.9
16.11.1992,1992,11,24.1,11.1,5.1,17.2
16.12.1992,1992,12,74.2,7.9,3.6,12.2
16.01.1993,1993,1,74.8,3.2,-1.1,7.5
15.02.1993,1993,2,97.7,8.3,3.5,13.2
16.03.1993,1993,3,138.5,10.5,6.4,14.6
16.04.1993,1993,4,138.5,16.3,12,20.6
16.05.1993,1993,5,249.6,20,16.2,23.8
16.06.1993,1993,6,421,24.4,21,27.9
16.07.1993,1993,7,324.7,26.2,22.7,29.7
16.08.1993,1993,8,129.2,26.2,22.5,29.9
16.09.1993,1993,9,74.8,23.5,19.1,27.9
16.10.1993,1993,10,62.3,17.4,12.6,22.3
16.11.1993,1993,11,92,12,7.3,16.8
16.12.1993,1993,12,43.3,5.9,0.9,10.9
16.01.1994,1994,1,54,5.6,1.6,9.6
15.02.1994,1994,2,145.4,6.3,3.2,9.5
16.03.1994,1994,3,132.3,9.4,5.2,13.6
16.04.1994,1994,4,224.2,17.7,13.9,21.5
16.05.1994,1994,5,187.7,23,18.3,27.7
16.06.1994,1994,6,420.9,24.5,20.8,28.3
16.07.1994,1994,7,65,28.6,24,33.2
16.08.1994,1994,8,113.5,28,23.4,32.7
16.09.1994,1994,9,100.7,22.9,18.6,27.2
16.10.1994,1994,10,60,17.5,12.4,22.6
16.11.1994,1994,11,14.8,14.1,9.4,18.9
16.12.1994,1994,12,134.7,8.5,5.1,11.9
16.01.1995,1995,1,95.4,4.5,0.4,8.7
15.02.1995,1995,2,71.8,6.7,2.6,10.9
16.03.1995,1995,3,178.2,11.3,6.6,16.1
16.04.1995,1995,4,335.5,15.9,12.3,19.5
16.05.1995,1995,5,277.4,21,16.7,25.3
16.06.1995,1995,6,500.9,23.4,20.2,26.6
16.07.1995,1995,7,123.7,27.7,23.5,32
16.08.1995,1995,8,110.9,27.4,23.1,31.8
16.09.1995,1995,9,34.4,24.4,19.7,29.2
16.10.1995,1995,10,63.4,18.6,13.9,23.4
16.11.1995,1995,11,9.1,11.4,6.1,16.8
16.12.1995,1995,12,10,6.1,1.1,11.2
16.01.1996,1996,1,97,4.7,0.7,8.8
15.02.1996,1996,2,38,5.4,1,9.8
16.03.1996,1996,3,290.5,9.4,5.2,13.7
16.04.1996,1996,4,137.7,14.7,10.2,19.3
16.05.1996,1996,5,133.4,20.7,16.5,25
16.06.1996,1996,6,265.4,24.9,21.3,28.6
16.07.1996,1996,7,167.2,26.9,23,30.8
16.08.1996,1996,8,173.5,27.1,23,31.3
16.09.1996,1996,9,29,24.3,19.8,28.8
16.10.1996,1996,10,45.3,18.7,13.8,23.6
16.11.1996,1996,11,28,12.3,8,16.7
16.12.1996,1996,12,19.3,6.9,1,12.9
16.01.1997,1997,1,47.7,4.9,0.4,9.4
15.02.1997,1997,2,75.5,7.3,3.6,11.1
16.03.1997,1997,3,137.7,12.5,8.6,16.4
16.04.1997,1997,4,172.2,16.7,12.5,21
16.05.1997,1997,5,162,22.7,18,27.5
16.06.1997,1997,6,232.7,24.4,20.2,28.6
16.07.1997,1997,7,322.2,26.4,22.6,30.3
16.08.1997,1997,8,188,26.9,23.1,30.7
16.09.1997,1997,9,69.4,22,17.9,26.1
16.10.1997,1997,10,52.2,18.7,13.5,24
16.11.1997,1997,11,145.3,12.2,7.5,16.9
16.12.1997,1997,12,122.5,7.2,3.9,10.6
16.01.1998,1998,1,174,4.3,0.9,7.8
15.02.1998,1998,2,140,8.5,4.4,12.7
16.03.1998,1998,3,269.3,10.6,7,14.3
16.04.1998,1998,4,178.3,19.7,14.9,24.5
16.05.1998,1998,5,183.6,21.8,17.8,25.9
16.06.1998,1998,6,500.9,24.1,20.9,27.3
16.07.1998,1998,7,240.5,28.2,24.6,31.8
16.08.1998,1998,8,68.1,28.4,24,32.8
16.09.1998,1998,9,78.5,23.7,19.2,28.3
16.10.1998,1998,10,63,19.8,14.9,24.7
16.11.1998,1998,11,41.3,14.3,9.3,19.4
16.12.1998,1998,12,28.9,8.2,3.6,12.8
16.01.1999,1999,1,73.9,6.6,2.6,10.7
15.02.1999,1999,2,30.9,9,3.8,14.2
16.03.1999,1999,3,281.9,10.5,7,14.1
16.04.1999,1999,4,253.3,17,13,21.1
16.05.1999,1999,5,237.2,21,16.8,25.2
16.06.1999,1999,6,358.5,23.8,20.5,27.1
16.07.1999,1999,7,260.6,25.9,22.4,29.4
16.08.1999,1999,8,320.2,26,22.4,29.7
16.09.1999,1999,9,52.3,25.2,20.7,29.7
16.10.1999,1999,10,48.8,18.9,14.5,23.3
16.11.1999,1999,11,19,12.2,7.5,17
16.12.1999,1999,12,7.7,6.9,1.3,12.6
16.01.2000,2000,1,109.2,4.7,1.2,8.2
15.02.2000,2000,2,97.2,5.8,2.8,8.9
16.03.2000,2000,3,134.8,12.1,8.3,16
16.04.2000,2000,4,170.9,17.2,13.1,21.3
16.05.2000,2000,5,139.7,22.7,17.7,27.8
16.06.2000,2000,6,326.7,24.7,20.9,28.6
16.07.2000,2000,7,70.3,28.2,23.5,32.9
16.08.2000,2000,8,193.8,26.9,23,30.8
16.09.2000,2000,9,55.3,23.8,19.5,28.2
16.10.2000,2000,10,166.9,18.7,15.1,22.4
16.11.2000,2000,11,107.4,11.2,7.2,15.3
16.12.2000,2000,12,24,8.2,4.1,12.3
16.01.2001,2001,1,123.7,6.1,2.5,9.8
15.02.2001,2001,2,83.8,7.9,4.4,11.5
16.03.2001,2001,3,108.2,12.5,7.8,17.2
16.04.2001,2001,4,224,16.3,12.1,20.5
16.05.2001,2001,5,128.4,22.3,17.9,26.7
16.06.2001,2001,6,273.2,24.3,21.1,27.6
16.07.2001,2001,7,109.8,28.9,24.5,33.3
16.08.2001,2001,8,251.1,26.2,22.7,29.8
16.09.2001,2001,9,15.1,24.1,19.9,28.4
16.10.2001,2001,10,49.8,19.2,14.5,24
16.11.2001,2001,11,90.2,12.1,7,17.2
16.12.2001,2001,12,98.4,6.2,2.5,10
16.01.2002,2002,1,92.6,7.2,2.4,12
15.02.2002,2002,2,53.6,9.6,5.3,13.9
16.03.2002,2002,3,177.4,13.7,9.7,17.8
16.04.2002,2002,4,283.7,17.7,13.4,22.1
16.05.2002,2002,5,210.3,20.6,17.1,24.2
16.06.2002,2002,6,287.6,25.9,21.8,30.1
16.07.2002,2002,7,207.3,27.3,23.2,31.5
16.08.2002,2002,8,169.1,26.4,22.6,30.2
16.09.2002,2002,9,76,23.5,19.3,27.8
16.10.2002,2002,10,136.5,18.4,13.5,23.3
16.11.2002,2002,11,82.9,12.2,7.5,17
16.12.2002,2002,12,132.6,6.8,3.7,10
16.01.2003,2003,1,65.7,4.8,0.1,9.5
15.02.2003,2003,2,138,8.2,4.6,11.8
16.03.2003,2003,3,159.2,11.1,6.7,15.6
16.04.2003,2003,4,206,17.1,13.1,21.2
16.05.2003,2003,5,205.5,21.4,17.4,25.4
16.06.2003,2003,6,289.3,24.6,20.6,28.6
16.07.2003,2003,7,46.6,29.3,24.6,34.1
16.08.2003,2003,8,116.4,28.3,23.7,32.9
16.09.2003,2003,9,50,25.1,20.4,29.8
16.10.2003,2003,10,28.5,18.1,12.7,23.5
16.11.2003,2003,11,61.9,12.7,7.9,17.5
16.12.2003,2003,12,19.3,6.2,1.1,11.3
16.01.2004,2004,1,56,5,1.4,8.7
15.02.2004,2004,2,103,9.7,4.5,14.9
16.03.2004,2004,3,112.3,11.1,6.8,15.5
16.04.2004,2004,4,132.3,18.1,12.9,23.4
16.05.2004,2004,5,243,21.9,17.2,26.7
16.06.2004,2004,6,154.8,24.3,20.4,28.2
16.07.2004,2004,7,120.8,28.2,23.5,33
16.08.2004,2004,8,160.8,27.5,23.2,31.9
16.09.2004,2004,9,108.2,23.4,19.2,27.7
16.10.2004,2004,10,5.4,17.9,12.3,23.6
16.11.2004,2004,11,65.1,13.7,8.6,18.9
16.12.2004,2004,12,73,7.7,3.3,12.2
16.01.2005,2005,1,93.6,3.5,-0.2,7.2
15.02.2005,2005,2,194.8,5,2,8
16.03.2005,2005,3,128.6,10.1,5.5,14.7
16.04.2005,2005,4,109.2,18.9,13.6,24.2
16.05.2005,2005,5,246.2,21.7,18,25.4
16.06.2005,2005,6,258.8,25.9,21.8,30.1
16.07.2005,2005,7,115.6,28.5,24.4,32.6
16.08.2005,2005,8,88.1,26.9,23,30.8
16.09.2005,2005,9,93.2,25.6,21.1,30.2
16.10.2005,2005,10,68,18.6,14,23.2
16.11.2005,2005,11,97,14.4,10.5,18.3
16.12.2005,2005,12,41.1,5.6,1,10.2
16.01.2006,2006,1,86.2,6,2.3,9.8
15.02.2006,2006,2,109.5,6.7,3.2,10.2
16.03.2006,2006,3,97.7,12.1,7.2,17
16.04.2006,2006,4,212.1,18,13.2,22.9
16.05.2006,2006,5,257.2,21.5,17.5,25.5
16.06.2006,2006,6,350.6,25.3,21.5,29.1
16.07.2006,2006,7,122.6,28.3,24.6,32
16.08.2006,2006,8,119.1,28.6,23.8,33.4
16.09.2006,2006,9,71.4,22.9,18.5,27.3
16.10.2006,2006,10,33.2,20.5,16.2,24.8
16.11.2006,2006,11,92,14,10,18.1
16.12.2006,2006,12,28.4,7.1,2.5,11.7
16.01.2007,2007,1,74.3,5.2,1.3,9.1
15.02.2007,2007,2,102.2,10.8,5.9,15.7
16.03.2007,2007,3,150.1,12.8,8.7,16.9
16.04.2007,2007,4,181.9,16.6,11.8,21.4
16.05.2007,2007,5,117.7,23.2,18.3,28.1
16.06.2007,2007,6,236.4,24.9,21.4,28.5
16.07.2007,2007,7,86.2,28.9,24.6,33.2
16.08.2007,2007,8,133.6,28,23.7,32.4
16.09.2007,2007,9,121.8,23.8,20,27.6
16.10.2007,2007,10,40.4,19.2,14.6,23.9
16.11.2007,2007,11,17.2,12.3,7.3,17.4
16.12.2007,2007,12,64.5,8.3,4.9,11.8
16.01.2008,2008,1,91.5,3.5,0.1,6.9
15.02.2008,2008,2,64.4,4.5,0.1,8.9
16.03.2008,2008,3,116.1,13.2,8.2,18.3
16.04.2008,2008,4,157.9,17.5,13.4,21.7
16.05.2008,2008,5,128.5,22.6,17.7,27.6
16.06.2008,2008,6,287.3,24.2,20.9,27.5
16.07.2008,2008,7,195.7,28.1,23.8,32.5
16.08.2008,2008,8,113.3,27.4,23.4,31.5
16.09.2008,2008,9,64.5,25.2,21,29.5
16.10.2008,2008,10,80,19.8,15.6,24
16.11.2008,2008,11,102.5,12.3,8.1,16.6
16.12.2008,2008,12,13.5,7.2,2,12.4
16.01.2009,2009,1,33.1,4.3,0.1,8.6
15.02.2009,2009,2,117.2,10.2,6.7,13.8
16.03.2009,2009,3,214.6,11.4,7,15.9
16.04.2009,2009,4,164.9,17.5,12.7,22.3
16.05.2009,2009,5,142.4,21.9,16.9,26.9
16.06.2009,2009,6,196.2,25.8,21.6,30
16.07.2009,2009,7,181.1,28,24,32.1
16.08.2009,2009,8,142.3,27.5,23.6,31.5
16.09.2009,2009,9,62,24.9,20.9,28.9
16.10.2009,2009,10,9.5,20,14.9,25.1
16.11.2009,2009,11,130.7,9.9,5.4,14.4
16.12.2009,2009,12,55.2,6.2,2.2,10.3
16.01.2010,2010,1,85.4,5.7,1.7,9.8
15.02.2010,2010,2,188.5,8.2,4.4,12
16.03.2010,2010,3,300.5,11.1,6.5,15.8
16.04.2010,2010,4,279.9,14.4,10.3,18.5
16.05.2010,2010,5,291.7,21.2,17,25.5
16.06.2010,2010,6,346.9,23.5,20.1,26.9
16.07.2010,2010,7,258.3,27.7,24,31.5
16.08.2010,2010,8,159.8,28.6,24,33.2
16.09.2010,2010,9,97.2,24.8,20.9,28.8
16.10.2010,2010,10,81.8,17.5,13.3,21.8
16.11.2010,2010,11,23.6,12.7,7.8,17.7
16.12.2010,2010,12,131.9,7.3,2.3,12.4
16.01.2011,2011,1,42.7,1.6,-1.8,5
15.02.2011,2011,2,44.4,7.2,2.5,12
16.03.2011,2011,3,75.2,10.2,5.5,15
16.04.2011,2011,4,83,17.8,12.9,22.8
16.05.2011,2011,5,94.9,21.4,16.7,26.2
16.06.2011,2011,6,412.6,24.7,21.5,27.9
16.07.2011,2011,7,130,28,24,32.1
16.08.2011,2011,8,160.6,27.1,23.2,31.1
16.09.2011,2011,9,46.9,23.5,19.3,27.7
16.10.2011,2011,10,57,18,13.8,22.3
16.11.2011,2011,11,86.4,14.7,9.9,19.5
16.12.2011,2011,12,33.4,5.8,1.7,10
16.01.2012,2012,1,108.8,4.1,1.9,6.3
15.02.2012,2012,2,136.8,5.2,2.2,8.3
16.03.2012,2012,3,280.7,10.6,6.4,14.8
16.04.2012,2012,4,247.1,18.4,13.9,22.9
16.05.2012,2012,5,253.1,21.8,17.8,25.8
16.06.2012,2012,6,330.1,24.8,21.5,28.1
16.07.2012,2012,7,149.1,28.8,24.8,32.9
16.08.2012,2012,8,227.2,27.5,23.6,31.5
16.09.2012,2012,9,146.2,22.9,18.6,27.3
16.10.2012,2012,10,43.2,18.8,13.7,24
16.11.2012,2012,11,164.4,11.4,7.2,15.7
16.12.2012,2012,12,142.3,5.6,1.7,9.5
16.01.2013,2013,1,29.7,4.6,0.3,9
15.02.2013,2013,2,124.4,7.7,4.4,11
16.03.2013,2013,3,183.5,12.7,7.6,17.9
16.04.2013,2013,4,170.4,16.4,11.6,21.2
16.05.2013,2013,5,218.8,22,17.7,26.4
16.06.2013,2013,6,313.5,24.6,21.1,28.1
16.07.2013,2013,7,74.3,29.1,24.8,33.4
16.08.2013,2013,8,70.4,29.4,24.7,34.1
16.09.2013,2013,9,35.3,23.9,19.4,28.5
16.10.2013,2013,10,35.3,18.6,13.5,23.8
16.11.2013,2013,11,83.4,12.6,7.3,17.9
16.12.2013,2013,12,96.1,5.6,0.2,11
16.01.2014,2014,1,23.8,6.8,1,12.6
15.02.2014,2014,2,159.1,6.4,2.8,10.1
16.03.2014,2014,3,208.4,12.7,8.2,17.3
16.04.2014,2014,4,160.3,17.6,13.6,21.6
16.05.2014,2014,5,247.5,21.6,17.5,25.7
16.06.2014,2014,6,399.2,24.5,20.8,28.3
16.07.2014,2014,7,270.7,27.5,23.3,31.8
16.08.2014,2014,8,105.8,26,22.4,29.7
16.09.2014,2014,9,96.4,24.5,20.5,28.5
16.10.2014,2014,10,29.9,19.5,14.1,25
16.11.2014,2014,11,114,13.2,9.3,17.2
16.12.2014,2014,12,14.6,5.9,0.8,11
16.01.2015,2015,1,41.1,6.6,1.9,11.3
15.02.2015,2015,2,147.7,8.1,4,12.2
16.03.2015,2015,3,164.5,12,8.1,16
16.04.2015,2015,4,176,17.1,12.2,22
16.05.2015,2015,5,274.3,21.8,18,25.7
16.06.2015,2015,6,466,24.6,21.3,28
16.07.2015,2015,7,312.8,26,22.4,29.6
16.08.2015,2015,8,152.9,26.7,22.7,30.8
16.09.2015,2015,9,104.8,23.3,19.5,27.1
16.10.2015,2015,10,126,19,14.4,23.7
16.11.2015,2015,11,188.3,12.6,9.5,15.7
16.12.2015,2015,12,111.1,7.3,4.1,10.6
16.01.2016,2016,1,114.3,4.9,1.8,8.1
15.02.2016,2016,2,55.3,7.8,2.8,12.8
16.03.2016,2016,3,89.8,12.1,7.6,16.6
16.04.2016,2016,4,304.8,18.4,14.6,22.2
16.05.2016,2016,5,272,21.1,17.1,25.2
16.06.2016,2016,6,394.5,24.6,20.8,28.4
16.07.2016,2016,7,219.5,28.3,24.2,32.4
16.08.2016,2016,8,61.2,28.3,23.8,32.8
16.09.2016,2016,9,167.3,24.4,20.2,28.6
16.10.2016,2016,10,99.2,19.3,15.9,22.7
16.11.2016,2016,11,115.7,12.3,8.4,16.2
16.12.2016,2016,12,48.3,8.6,4.2,13.1
16.01.2017,2017,1,44.9,7.4,3.6,11.3
15.02.2017,2017,2,56.2,8.3,3.9,12.8
16.03.2017,2017,3,227.5,11.3,6.7,15.9
16.04.2017,2017,4,200.7,18.1,13.4,22.8
16.05.2017,2017,5,112.2,22.6,18,27.3
16.06.2017,2017,6,509.7,23.6,20.4,26.9
16.07.2017,2017,7,94.6,29.2,24.8,33.7
16.08.2017,2017,8,172.9,28.2,23.8,32.6
16.09.2017,2017,9,67.3,24.8,20.6,29
16.10.2017,2017,10,58.5,18.3,14.2,22.4
16.11.2017,2017,11,93.4,12.8,8.6,17.1
16.12.2017,2017,12,37.4,7,2.7,11.3
16.01.2018,2018,1,88.6,4.4,0.9,7.9
15.02.2018,2018,2,57,6.8,2.5,11.2
16.03.2018,2018,3,191.5,13.5,8.6,18.4
16.04.2018,2018,4,224.3,18.7,13.9,23.6
16.05.2018,2018,5,170.1,23.2,19.1,27.3
16.06.2018,2018,6,177.1,25,21.2,28.9
16.07.2018,2018,7,118.8,28.3,24,32.7
16.08.2018,2018,8,148.1,28.2,23.8,32.6
16.09.2018,2018,9,73.6,24.6,20.3,29
16.10.2018,2018,10,76.5,17.7,12.8,22.6
16.11.2018,2018,11,117,12.8,8.8,16.8
16.12.2018,2018,12,122.2,6.7,3.5,9.9
16.01.2019,2019,1,108.4,5.5,2.1,9
15.02.2019,2019,2,222.9,6.2,3.5,8.9
16.03.2019,2019,3,212.8,12.6,8.3,16.9
16.04.2019,2019,4,184.3,17.7,13.5,22
16.05.2019,2019,5,129.7,21.2,16.9,25.5
16.06.2019,2019,6,299,24.7,20.9,28.6
16.07.2019,2019,7,348.8,27.4,23.4,31.4
16.08.2019,2019,8,86.8,28.6,23.9,33.3
16.09.2019,2019,9,24.6,25.2,20.4,30
16.10.2019,2019,10,20.7,19.4,14.6,24.3
16.11.2019,2019,11,19.6,13.8,8.6,19.1
16.12.2019,2019,12,78.2,8.6,3.9,13.4
