PTAG,PLOT_NO,TRTM_SUB,TRTM_NO2,TREE_R,SHRU_R,Extinction,TREE_CMP,SHRU_CMP,MU,Vip,X_DD,Y_DD,ALTITUDE,EASTNESS,NORTHNESS,SLOPE,SOLAR,CURV_PR,CURV_PL,REMARKS
p102340,B34,214,R_16_2_1,16,0,R,A. davidii_C. henryi_C. eyrei_C. sclerophylla_Ch. axillaris_C. camphora_C. glauca_D. oldhamii_L. formosana_Q. acutissima_Q. fabri_Q. serrata_R. chinensis_S. mukorossi_S. discolor_S. superba,,1,,117.9052916,29.12106509,129.62,0.991076502,-0.133294287,37.9,1262620,-86.9213,-29.711,
p102350,B35,205,R_4_3_2,4,0,R,C. carlesii_C. eyrei_L. glaber_S. superba,,1,,117.9052916,29.12080958,126.86,0.981527147,-0.191322919,34.19,1323320,-41.3202,15.5218,planting with problems
p102361,B36/C36,137,B_1_6_1,1,0,B,D. oldhamii,,1,,117.9054242,29.12057663,115.39,0.996608722,0.082286421,28.77,1306580,11.4561,-36.0991,
p102381,B38/C38,196,R_2_2_1,2,0,R,C. glauca_S. superba,,1,,117.9054242,29.12011072,118.15,0.952342586,-0.305030488,16.57,1472820,-61.1462,26.8857,
p103310,C31,164,C_4_2_1,4,0,C,Ch. axillaris_D. oldhamii_D. glaucifolia_Q. serrata,,1,,117.9055569,29.12176394,151.35,-0.076196907,-0.99709279,28.11,1552720,4.28527,20.9539,
p103320,C32,22.1,A_2_6_1,2,0,A,C. henryi_N. sinensis,,4,vip,117.9055569,29.12153099,136.46,0.009424692,-0.999955587,32.94,1515430,-27.8815,-21.2167,
p103330,C33,22.2,A_2_6_1,2,2,A,C. henryi_N. sinensis,D. myricoides_E. muricata,4,,117.9055569,29.12129804,119.87,0.239211427,-0.970967504,35.83,1421160,-13.1438,-91.8428,planting with problems
p103370,C37,199,R_2_3_2,2,0,R,L. glaber_S. superba,,1,,117.9055569,29.12034368,113.12,0.928550621,0.371205797,25.95,1275030,-22.4317,17.3083,
p104310,D31,185,S_8_2_2,8,0,S,C. carlesii_C. eyrei_C. sclerophylla_C. glauca_C. myrsinaefolia_L. glaber_Q. acutissima_S. superba,,1,,117.9058222,29.12176394,150.91,0.143838117,-0.989601231,26.59,1555580,2.11555,15.9071,
p104320,D32,22.3,A_2_6_1,2,4,A,C. henryi_N. sinensis,C. chekiangoleosa_E. myrianthus_G. jasminoides_S. buxifolium,4,,117.9058222,29.12153099,137.45,-0.019022887,-0.999819049,30.48,1535180,-10.2289,13.1125,
p104330,D33,22.4,A_2_6_1,2,8,A,C. henryi_N. sinensis,A. crenata_C. chekiangoleosa_D. buxifolium_D. myricoides_E. muricata_L. chinense_Rh. indica_S. buxifolium,4,,117.9058222,29.12129804,122.08,-0.167973188,-0.985791564,31.27,1503670,-6.96085,11.6298,
p105210,E21,191,S_16_2_2,16,0,S,C. henryi_C. carlesii_C. eyrei_C. sclerophylla_C. camphora_C. glauca_C. myrsinaefolia_D. oldhamii_D. glaucifolia_L. formosana_L. glaber_Q. fabri_Q. serrata_S. discolor_S. sebiferum_S. superba,,1,,117.9061131,29.12416113,211.18,0.998683792,0.051290191,37.05,1240210,16.111,-6.38001,planting with problems
p105220,E22,221,E_1_1_4,1,0,E,P. massoniana,,1,,117.9061131,29.12392818,211,0.99823983,-0.059306346,36.5,1276820,-38.0281,-7.28064,
p105230,E23,118,A_2_2_2,2,0,A,R. chinensis_S. superba,,1,viprep,117.9061131,29.12367267,209.61,0.999912028,-0.013264086,35.35,1277830,-15.8167,-10.3361,
p105240,E24,103,A_1_3_2,1,0,A,L. formosana,,1,viprep,117.9061131,29.12343972,212.59,0.954188115,0.299207355,30.71,1252610,-37.2889,-32.6025,
p105250,E25,230,F_0_1_3,0,0,F,free succession,free succession,1,,117.9061131,29.12320677,214.62,0.958172866,-0.286190074,20.63,1455110,-48.674,48.3869,
p105260,E26,213,R_16_1_2,16,0,R,C. henryi_C. carlesii_C. eyrei_C. sclerophylla_Ch. axillaris_C. camphora_C. glauca_C. myrsinaefolia_D. oldhamii_D. glaucifolia_L. formosana_L. glaber_Q. fabri_Q. serrata_R. chinensis_S. superba,,1,,117.9061131,29.12297382,208.63,0.560928044,-0.82786456,27,1524680,-72.6433,45.0721,switched
p105270,E27,151,B_4_4_1,4,0,B,D. oldhamii_Q. acutissima_Q. fabri_S. mukorossi,,1,,117.9061131,29.12271831,191.95,0.523539909,-0.852001153,34.71,1490720,9.57322,-8.05123,planting with problems
p105280,E28,197,R_2_2_2,2,0,R,C. glauca_S. superba,,1,,117.9061131,29.12248536,178.84,0.624833971,-0.78075765,30.51,1497990,27.6518,1.50163,
p105290,E29,153,B_8_2_1,8,0,B,D. oldhamii_D. glaucifolia_N. sinensis_Q. acutissima_Q. fabri_S. mukorossi_S. discolor_S. superba,,1,,117.9061131,29.1222524,168.12,0.553391586,-0.832921217,25.55,1526400,28.7879,-4.88428,
p105300,E30,6.3,A_1_6_1,1,4,A,Q. fabri,A. crenata_D. buxifolium_Rh. indica_S. buxifolium,4,,117.9061131,29.12201945,159.38,0.371367879,-0.928485809,19.51,1554090,14.4858,-12.2156,
p105310,E31,6.1,A_1_6_1,1,0,A,Q. fabri,,4,vip,117.9061131,29.12176394,148.45,0.196288481,-0.980546191,23.49,1560200,-21.063,-3.08303,
p105320,E32,14.4,A_1_14_1,1,8,A,L. glaber,A. crenata_C. chekiangoleosa_D. buxifolium_E. myrianthus_E. muricata_G. jasminoides_Rh. indica_S. buxifolium,4,,117.9061131,29.12153099,136.45,0.147464221,-0.989067391,27.64,1545830,-6.80198,-0.72868,
p105330,E33,14.1,A_1_14_1,1,0,A,L. glaber,,4,vip,117.9061131,29.12129804,123.6,-0.157640981,-0.987496492,25.22,1531950,12.6336,-1.17245,
p105340,E34,1.1,A_1_1_1,1,0,A,C. henryi,,4,vip,117.9061131,29.12106509,115.42,-0.841699272,-0.539946604,21.66,1437490,26.8901,-66.9132,
p105350,E35,1.2,A_1_1_1,1,2,A,C. henryi,L. chinense_S. buxifolium,4,,117.9061131,29.12080958,113.22,-0.979469816,-0.201590873,20.14,1397390,-1.95188,16.766,
p105360,E36,220,E_1_1_3,1,0,E,P. massoniana,,1,,117.9061131,29.12057663,108.32,-0.695536643,-0.718490625,22.17,1484040,-20.7568,6.50042,
p106200,F20,4.3,A_1_4_1,1,4,A,Q. serrata,A. crenata_D. buxifolium_E. muricata_Rh. indica,4,,117.9063784,29.12439408,195.22,0.976333775,-0.216269185,34.69,1315360,-4.35342,-17.1486,
p106210,F21,4.1,A_1_4_1,1,0,A,Q. serrata,,4,vip,117.9063784,29.12416113,193.54,0.98522912,-0.171241293,33.83,1310030,-16.8786,60.9449,
p106220,F22,122,A_2_6_2,2,0,A,C. henryi_N. sinensis,,1,viprep,117.9063784,29.12392818,191.31,0.9986568,0.051813094,37.7,1215780,67.1271,-94.6854,
p106230,F23,157,C_2_3_1,2,0,C,D. oldhamii_Q. serrata,,1,,117.9063784,29.12367267,190.5,0.999055821,-0.043444992,39.01,1221770,4.02774,-0.05556,planting with problems
p106240,F24,5.4,A_1_5_1,1,8,A,K. bipinnata,A. crenata_C. chekiangoleosa_D. buxifolium_E. myrianthus_E. muricata_L. chinense_Rh. indica_S. buxifolium,4,,117.9063784,29.12343972,196.68,0.859138572,0.511743015,37.64,1092840,11.2488,-88.8768,
p106250,F25,5.2,A_1_5_1,1,2,A,K. bipinnata,E. muricata_G. jasminoides,4,,117.9063784,29.12320677,201.51,0.997327247,-0.073064104,33.78,1309830,-27.0992,76.8522,
p106260,F26,28.3,A_4_4_1,4,4,A,C. sclerophylla_Ch. axillaris_Q. serrata_S. sebiferum,A. crenata_E. muricata_L. chinense_Rh. indica,4,,117.9063784,29.12297382,198.4,0.870011725,-0.493031032,28.41,1438950,-11.3083,0.10965,
p106270,F27,28.1,A_4_4_1,4,0,A,C. sclerophylla_Ch. axillaris_Q. serrata_S. sebiferum,,4,vip,117.9063784,29.12271831,183.44,0.38107042,-0.924546016,33.07,1512140,20.6021,-41.5638,
p106280,F28,126,A_4_2_2,4,0,A,C. eyrei_C. myrsinaefolia_K. bipinnata_L. glaber,,1,viprep,117.9063784,29.12248536,171.2,0.482059573,-0.876138441,23.93,1538170,27.9179,-19.4596,
p106290,F29,133,B_1_2_1,1,0,B,C. carlesii,,1,,117.9063784,29.1222524,162.93,0.504829013,-0.863219362,18.16,1545660,8.59249,-12.1534,
p106300,F30,6.4,A_1_6_1,1,8,A,Q. fabri,A. crenata_C. chekiangoleosa_D. buxifolium_D. myricoides_E. myrianthus_G. jasminoides_Rh. indica_S. buxifolium,4,,117.9063784,29.12201945,156.79,0.412945521,-0.910755728,15.15,1551420,0.2224,11.0318,
p106310,F31,6.2,A_1_6_1,1,2,A,Q. fabri,D. myricoides_L. chinense,4,,117.9063784,29.12176394,146.8,0.135369779,-0.990795147,22.46,1563650,-17.7866,5.47283,
p106320,F32,14.2,A_1_14_1,1,2,A,L. glaber,C. chekiangoleosa_E. myrianthus,4,,117.9063784,29.12153099,135.99,-0.193891866,-0.981022907,23.14,1547390,5.44239,-38.0738,
p106330,F33,14.3,A_1_14_1,1,4,A,L. glaber,A. crenata_C. chekiangoleosa_D. myricoides_S. buxifolium,4,,117.9063784,29.12129804,127.94,-0.804479275,-0.59398072,21.9,1463800,3.45706,-49.0474,
p106340,F34,1.3,A_1_1_1,1,4,A,C. henryi,D. buxifolium_G. jasminoides_L. chinense_S. buxifolium,4,,117.9063784,29.12106509,125.14,-0.981056707,-0.193720773,21.62,1403380,-7.33204,-3.2727,
p106350,F35,1.4,A_1_1_1,1,8,A,C. henryi,A. crenata_D. buxifolium_D. myricoides_E. myrianthus_E. muricata_G. jasminoides_L. chinense_Rh. indica,4,,117.9063784,29.12080958,119.92,-0.414534363,-0.91003366,18.86,1527570,-43.2564,69.3137,
p106360,F36,192,S_16_3_1,16,0,S,A. davidii_C. henryi_C. carlesii_C. sclerophylla_C. camphora_C. glauca_C. myrsinaefolia_D. oldhamii_D. glaucifolia_L. glaber_N. sinensis_Q. acutissima_Q. fabri_Q. serrata_S. discolor_S. superba,,1,,117.9063784,29.12057663,112.75,0.094977121,-0.995479456,17.27,1537300,-48.6438,16.6956,
p106370,F37,200,R_4_1_1,4,0,R,C. glauca_L. glaber_Q. serrata_S. superba,,1,,117.9063784,29.12034368,107.58,-0.061919499,-0.998081147,14.42,1522730,-131.922,42.6625,
p107160,G16,195,R_2_1_2,2,0,R,C. glauca_L. glaber,,1,,117.9066437,29.12534845,198.22,0.96418805,-0.265219538,28.17,1377970,-64.6392,-12.472,
p107170,G17,116,A_1_16_2,1,0,A,C. sclerophylla,,1,viprep,117.9066437,29.1251155,193.76,0.943280627,-0.331996473,30.49,1377450,-58.3523,8.02438,
p107180,G18,142,B_2_3_1,2,0,B,A. davidii_M. azedarach,,1,,117.9066437,29.12488254,187.84,0.949589764,-0.313495264,34.77,1333630,-21.5205,-8.2355,rotated
p107190,G19,149,B_4_2_1,4,0,B,A. davidii_C. carlesii_L. glaber_M. azedarach,,1,,117.9066437,29.12462704,182.53,0.958022886,-0.286691733,37.63,1294520,-16.2058,6.10678,planting with problems
p107200,G20,4.2,A_1_4_1,1,2,A,Q. serrata,L. chinense_S. buxifolium,4,,117.9066437,29.12439408,178.21,0.999679789,-0.025304546,34.79,1252950,14.5249,-40.4501,
p107210,G21,4.4,A_1_4_1,1,8,A,Q. serrata,C. chekiangoleosa_D. myricoides_E. myrianthus_E. muricata_G. jasminoides_L. chinense_Rh. indica_S. buxifolium,4,,117.9066437,29.12416113,178.62,0.977929346,-0.208935861,32.39,1320510,-6.70937,68.8843,
p107220,G22,114,A_1_14_2,1,0,A,L. glaber,,1,viprep,117.9066437,29.12392818,174.58,0.992736362,-0.120310077,31.16,1306960,10.0596,-41.7339,
p107230,G23,227,E_1_2_5,1,0,E,C. lanceolata,,1,,117.9066437,29.12367267,172.89,0.999130123,0.041701299,32.3,1239820,24.9443,9.61392,
p107240,G24,5.1,A_1_5_1,1,0,A,K. bipinnata,,4,vip,117.9066437,29.12343972,182.05,0.795473471,0.605988413,33.27,1103980,6.07279,7.77655,
p107250,G25,5.3,A_1_5_1,1,4,A,K. bipinnata,E. myrianthus_E. muricata_G. jasminoides_Rh. indica,4,,117.9066437,29.12320677,184.43,0.996834627,-0.079502994,33.68,1292990,17.5685,-14.1766,
p107260,G26,28.4,A_4_4_1,4,8,A,C. sclerophylla_Ch. axillaris_Q. serrata_S. sebiferum,A. crenata_C. chekiangoleosa_D. myricoides_E. myrianthus_G. jasminoides_L. chinense_Rh. indica_S. buxifolium,4,,117.9066437,29.12297382,188.54,0.98665754,0.162809396,24.72,1300040,-38.26,8.25001,
p107270,G27,28.2,A_4_4_1,4,2,A,C. sclerophylla_Ch. axillaris_Q. serrata_S. sebiferum,E. myrianthus_G. jasminoides,4,,117.9066437,29.12271831,180.57,-0.026002421,-0.99966188,28.06,1544590,-26.073,7.76099,
p107280,G28,34.1,A_0_1_3,0,0,A,,,4,vip,117.9066437,29.12248536,168.79,-0.048849715,-0.99880614,21.63,1555220,26.6477,-0.51104,
p107290,G29,34.3,A_0_1_3,0,4,A,,A. crenata_D. buxifolium_L. chinense_Rh. indica,4,,117.9066437,29.1222524,160.49,0.04850117,-0.998823126,16.05,1557230,7.31309,-12.3167,
p107300,G30,21.2,A_2_5_1,2,2,A,L. formosana_S. mukorossi,A. crenata_Rh. indica,4,,117.9066437,29.12201945,154.13,0.33347784,-0.942757938,15.27,1552900,-6.39875,-20.6097,
p107310,G31,21.4,A_2_5_1,2,8,A,L. formosana_S. mukorossi,A. crenata_C. chekiangoleosa_D. buxifolium_D. myricoides_E. myrianthus_E. muricata_L. chinense_Rh. indica,4,,117.9066437,29.12176394,144.53,0.305695351,-0.952129378,20.1,1558840,-14.0696,5.22526,
p107320,G32,150,B_4_3_1,4,0,B,D. glaucifolia_N. sinensis_S. discolor_S. superba,,1,,117.9066437,29.12153099,136.93,0.342676134,-0.9394536,14.37,1535970,-5.66891,-20.0331,
p107330,G33,104,A_1_4_2,1,0,A,Q. serrata,,1,viprep,117.9066437,29.12129804,134.62,-0.121522817,-0.992588638,8.5,1474420,-90.6684,56.0286,
p107340,G34,217,R_16_3_2,16,0,R,A. davidii_C. henryi_C. carlesii_C. eyrei_Ch. axillaris_C. glauca_C. myrsinaefolia_D. glaucifolia_L. formosana_L. glaber_Q. acutissima_Q. fabri_Q. serrata_R. chinensis_S. mukorossi_S. discolor,,1,,117.9066437,29.12106509,131.26,-0.113029746,-0.993591605,17.19,1540300,-57.6016,90.4348,
p108101,H10/I10,173,S_2_2_2,2,0,S,C. sclerophylla_C. glauca,,1,,117.9070417,29.12679127,223.71,0.998166625,0.060525935,34.11,1248190,-55.9137,-5.91736,
p108130,H13,177,S_4_1_2,4,0,S,C. eyrei_C. sclerophylla_C. glauca_L. glaber,,1,,117.906909,29.12606986,204.38,0.841039033,-0.540974441,36.97,1372850,-15.6342,-82.6361,
p108140,H14,219,E_1_1_2,1,0,E,P. massoniana,,1,,117.906909,29.12583691,195.45,0.940050279,-0.341035881,37.56,1310520,-13.1637,-2.8836,
p108150,H15,161,C_2_7_1,2,0,C,C. henryi_R. chinensis,,1,,117.906909,29.1255814,189.01,0.895634159,-0.444791473,34.18,1361880,-25.6674,56.1455,rotated
p108160,H16,174,S_2_3_1,2,0,S,C. myrsinaefolia_L. glaber,,1,,117.906909,29.12534845,181.43,0.941470556,-0.337095228,35.01,1315880,25.3361,-66.9974,
p108178,H17,317,s 20,0,1,A,,D. buxifolium,0,,117.906909,29.1251155,177.14,0.958022886,-0.286691733,36.32,1296410,3.90919,31.8397,shrub mono
p108177,H17,316,s 4,0,1,A,,D. myricoides,0,,117.906909,29.1251155,177.14,0.958022886,-0.286691733,36.32,1296410,3.90919,31.8397,shrub mono
p108176,H17,315,s 19,0,1,A,,S. buxifolium,0,,117.906909,29.1251155,177.14,0.958022886,-0.286691733,36.32,1296410,3.90919,31.8397,shrub mono
p108175,H17,314,s 6,0,1,A,,Rh. indica,0,,117.906909,29.1251155,177.14,0.958022886,-0.286691733,36.32,1296410,3.90919,31.8397,shrub mono
p108188,H18,321,s 20,0,1,A,,D. buxifolium,0,,117.906909,29.12488254,170.32,0.944891798,-0.327382788,34.47,1313680,34.9396,-23.5783,shrub mono
p108187,H18,320,s 20,0,1,A,,D. buxifolium,0,,117.906909,29.12488254,170.32,0.944891798,-0.327382788,34.47,1313680,34.9396,-23.5783,shrub mono
p108186,H18,319,s 8,0,1,A,,G. jasminoides,0,,117.906909,29.12488254,170.32,0.944891798,-0.327382788,34.47,1313680,34.9396,-23.5783,shrub mono
p108185,H18,318,s 8,0,1,A,,G. jasminoides,0,,117.906909,29.12488254,170.32,0.944891798,-0.327382788,34.47,1313680,34.9396,-23.5783,shrub mono
p108240,H24,165,C_4_3_1,4,0,C,C. sclerophylla_C. camphora_L. formosana_M. azedarach,,1,,117.906909,29.12343972,171.34,0.918928938,0.394423132,26.96,1218770,-37.4957,79.4078,
p108250,H25,111,A_1_11_2,1,0,A,N. sinensis,,1,viprep,117.906909,29.12320677,170.79,0.996330375,-0.085590789,26.5,1329490,12.6921,-24.9178,
p108260,H26,24.4,A_2_8_1,2,8,A,Ch. axillaris_S. sebiferum,A. crenata_C. chekiangoleosa_D. buxifolium_D. myricoides_E. myrianthus_G. jasminoides_L. chinense_S. buxifolium,4,,117.906909,29.12297382,178.09,0.71508297,0.699039589,31.1,1116600,37.341,-60.3201,
p108270,H27,24.3,A_2_8_1,2,4,A,Ch. axillaris_S. sebiferum,C. chekiangoleosa_D. myricoides_E. myrianthus_G. jasminoides,4,,117.906909,29.12271831,181.32,0.419768973,-0.907630987,18.23,1521760,-89.1072,-0.64433,
p108280,H28,34.2,A_0_1_3,0,2,A,,C. chekiangoleosa_L. chinense,4,,117.906909,29.12248536,170.7,-0.132948302,-0.991122974,23.61,1560570,20.997,-5.15172,
p108290,H29,34.4,A_0_1_3,0,8,A,,C. chekiangoleosa_D. buxifolium_D. myricoides_E. myrianthus_E. muricata_G. jasminoides_L. chinense_S. buxifolium,4,,117.906909,29.1222524,161.75,-0.191836792,-0.981426841,17.54,1560930,-4.05212,6.00501,
p108300,H30,21.3,A_2_5_1,2,4,A,L. formosana_S. mukorossi,C. chekiangoleosa_D. myricoides_E. myrianthus_Rh. indica,4,,117.906909,29.12201945,153.39,-0.083677789,-0.996492864,19.79,1563750,-6.5258,9.88509,
p108310,H31,21.1,A_2_5_1,2,0,A,L. formosana_S. mukorossi,,4,vip,117.906909,29.12176394,142.52,0.056170076,-0.998421215,22.49,1559360,-47.3803,4.54396,
p108081,H8/I8,145,B_2_6_1,2,0,B,D. glaucifolia_N. sinensis,,1,,117.9070417,29.12725718,228.36,0.907044029,-0.421035782,35,1363880,-56.37,22.5378,moved to I8
p108091,H9/I9,190,S_16_2_1,16,0,S,C. henryi_C. carlesii_C. eyrei_C. sclerophylla_C. camphora_C. glauca_C. myrsinaefolia_D. oldhamii_D. glaucifolia_L. formosana_L. glaber_Q. fabri_Q. serrata_S. discolor_S. sebiferum_S. superba,,1,,117.9070417,29.12702422,223.09,0.993571859,-0.113203185,36.64,1262440,-58.1975,-39.881,
p109110,I11,187,S_8_3_2,8,0,S,C. henryi_C. camphora_C. glauca_C. myrsinaefolia_D. oldhamii_N. sinensis_Q. acutissima_S. superba,,1,,117.9072,29.12653576,208.76,0.984533778,-0.175194866,40.65,1232310,-14.596,-12.2191,
p109120,I12,101,A_1_1_2,1,0,A,C. henryi,,1,viprep,117.9072,29.12630281,203.16,0.833403869,-0.552664447,35.93,1370080,-35.8365,58.9259,
p109130,I13,144,B_2_5_1,2,0,B,S. discolor_S. superba,,1,,117.9072,29.12606986,190.03,0.417232756,-0.908799663,33.16,1458290,-6.01597,49.5634,
p109148,I14,313,s 4,0,1,A,,D. myricoides,0,,117.9072,29.12583691,178.81,0.597065291,-0.802192644,28.42,1417600,40.5283,-64.2483,shrub mono
p109147,I14,312,s 6,0,1,A,,Rh. indica,0,,117.9072,29.12583691,178.81,0.597065291,-0.802192644,28.42,1417600,40.5283,-64.2483,shrub mono
p109146,I14,311,s 20,0,1,A,,D. buxifolium,0,,117.9072,29.12583691,178.81,0.597065291,-0.802192644,28.42,1417600,40.5283,-64.2483,shrub mono
p109145,I14,310,s 5,0,1,A,,E. muricata,0,,117.9072,29.12583691,178.81,0.597065291,-0.802192644,28.42,1417600,40.5283,-64.2483,shrub mono
p109158,I15,309,s 5,0,1,A,,E. muricata,0,,117.9072,29.1255814,171.67,0.981892652,-0.18943817,26.83,1335080,53.6026,-85.0212,shrub mono
p109157,I15,308,s 19,0,1,A,,S. buxifolium,0,,117.9072,29.1255814,171.67,0.981892652,-0.18943817,26.83,1335080,53.6026,-85.0212,shrub mono
p109156,I15,307,s 6,0,1,A,,Rh. indica,0,,117.9072,29.1255814,171.67,0.981892652,-0.18943817,26.83,1335080,53.6026,-85.0212,shrub mono
p109155,I15,306,s 4,0,1,A,,D. myricoides,0,,117.9072,29.1255814,171.67,0.981892652,-0.18943817,26.83,1335080,53.6026,-85.0212,shrub mono
p109168,I16,304,s 20,0,1,A,,D. buxifolium,0,,117.9072,29.12534845,167.44,0.758361941,-0.651833696,24.96,1437850,15.9554,90.9818,shrub mono
p109167,I16,303,s 2,0,1,A,,C. chekiangoleosa,0,,117.9072,29.12534845,167.44,0.758361941,-0.651833696,24.96,1437850,15.9554,90.9818,shrub mono
p109166,I16,302,s 10,0,1,A,,L. chinense,0,,117.9072,29.12534845,167.44,0.758361941,-0.651833696,24.96,1437850,15.9554,90.9818,shrub mono
p109165,I16,301,s 10.2,0,1,A,,L. chinense,0,,117.9072,29.12534845,167.44,0.758361941,-0.651833696,24.96,1437850,15.9554,90.9818,shrub mono
p109260,I26,24.2,A_2_8_1,2,2,A,Ch. axillaris_S. sebiferum,C. chekiangoleosa_S. buxifolium,4,,117.9072,29.12297382,170.06,0.275133998,0.961405889,30.88,1035880,3.11111,59.2478,
p109270,I27,24.1,A_2_8_1,2,0,A,Ch. axillaris_S. sebiferum,,4,vip,117.9072,29.12271831,179.67,0.872751746,-0.488164306,17.88,1433300,-75.0493,70.238,
p109280,I28,3.1,A_1_3_1,1,0,A,L. formosana,,4,vip,117.9072,29.12248536,170.77,0.171757214,-0.98513931,23.69,1563580,7.38155,26.8458,
p109290,I29,3.4,A_1_3_1,1,8,A,L. formosana,A. crenata_C. chekiangoleosa_D. buxifolium_D. myricoides_E. myrianthus_G. jasminoides_L. chinense_Rh. indica,4,,117.9072,29.1222524,161.41,0.366663654,-0.93035357,20.12,1552790,-13.4952,-6.15568,
p109030,I3,171,S_2_1_2,2,0,S,C. sclerophylla_C. myrsinaefolia,,1,,117.9072,29.12844449,266.34,0.063487311,-0.997982646,31.63,1546230,-46.0102,-6.16324,
p109300,I30,152,B_8_1_1,8,0,B,A. davidii_C. carlesii_C. eyrei_C. camphora_C. myrsinaefolia_K. bipinnata_L. glaber_M. azedarach,,1,,117.9072,29.12201945,152.94,0.35918256,-0.933267319,21.23,1550980,-12.8204,36.4436,
p109040,I4,99,free plot,0,0,,free plot,free plot,1,,117.9072,29.12821154,251.36,0.519370011,-0.854549467,33.14,1464380,-62.9853,-73.849,
p109050,I5,99,free plot,0,0,,free plot,free plot,1,,117.9072,29.12797859,243.28,0.955690327,-0.294373912,27.61,1359540,119.371,-154.704,
p109060,I6,99,free plot,0,0,,free plot,free plot,1,,117.9072,29.12774564,237.66,0.750111096,-0.661311836,26.32,1460350,39.8144,22.958,
p110130,J13,163,C_4_1_1,4,0,C,C. carlesii_C. glauca_S. discolor_S. sebiferum,,1,,117.9074653,29.12606986,180.15,0.938312108,-0.345789515,34.05,1312690,-14.5886,63.1912,
p110140,J14,183,S_8_1_2,8,0,S,C. carlesii_C. eyrei_C. sclerophylla_C. camphora_C. glauca_C. myrsinaefolia_L. glaber_S. superba,,1,,117.9074653,29.12583691,174.12,0.665490971,-0.7464059,26.44,1434830,-7.89622,68.699,planting with problems
p110190,J19,2.2,A_1_2_1,1,2,A,S. superba,D. myricoides_S. buxifolium,4,,117.9074653,29.12462704,170.07,-0.97216585,0.234293746,35.37,1136560,-47.8221,36.0518,
p110200,J20,2.3,A_1_2_1,1,4,A,S. superba,D. myricoides_E. muricata_G. jasminoides_L. chinense,4,,117.9074653,29.12439408,172.2,-0.999742611,0.022687253,37.96,1165800,-12.4513,10.0415,
p110210,J21,19.1,A_2_3_1,2,0,A,K. bipinnata_L. glaber,,4,vip,117.9074653,29.12416113,172.77,-0.998806134,-0.048849849,37.2,1195150,-28.5378,24.757,planting with problems
p110220,J22,19.3,A_2_3_1,2,4,A,K. bipinnata_L. glaber,E. myrianthus_E. muricata_G. jasminoides_Rh. indica,4,,117.9074653,29.12392818,166.91,-0.823829466,-0.566837729,37.73,1317110,-21.9197,27.0132,planting with problems
p110270,J27,120,A_2_4_2,2,0,A,C. eyrei_C. myrsinaefolia,,1,viprep,117.9074653,29.12271831,170.94,0.999999863,0.000523626,31.78,1273350,-22.1759,41.5198,
p110280,J28,3.2,A_1_3_1,1,2,A,L. formosana,D. buxifolium_G. jasminoides,4,,117.9074653,29.12248536,165.46,0.698165448,-0.715936455,27.74,1486160,-41.0128,58.782,
p110290,J29,3.3,A_1_3_1,1,4,A,L. formosana,D. buxifolium_G. jasminoides_L. chinense_S. buxifolium,4,,117.9074653,29.1222524,155.16,0.62387963,-0.781520446,27.77,1498120,-12.6537,22.8113,
p110030,J3,189,S_16_1_2,16,0,S,C. henryi_C. carlesii_C. eyrei_C. sclerophylla_Ch. axillaris_C. camphora_C. glauca_C. myrsinaefolia_D. oldhamii_D. glaucifolia_L. glaber_N. sinensis_Q. acutissima_Q. fabri_Q. serrata_S. superba,,1,,117.9074653,29.12844449,268.35,-0.307356562,-0.951594422,34.64,1520270,-33.5917,-33.8793,
p110040,J4,193,S_16_3_2,16,0,S,A. davidii_C. henryi_C. carlesii_C. sclerophylla_C. camphora_C. glauca_C. myrsinaefolia_D. oldhamii_D. glaucifolia_L. glaber_N. sinensis_Q. acutissima_Q. fabri_Q. serrata_S. discolor_S. superba,,1,,117.9074653,29.12821154,251.37,-0.47270452,-0.881220992,37.58,1452220,50.0125,-66.4513,planting with problems
p110050,J5,143,B_2_4_1,2,0,B,C. carlesii_L. glaber,,1,,117.9074653,29.12797859,240.16,-0.652362953,-0.757906708,22.33,1424920,59.4577,-104.443,planting with problems
p110060,J6,201,R_4_1_2,4,0,R,C. glauca_L. glaber_Q. serrata_S. superba,,1,,117.9074653,29.12774564,234.27,-0.288363335,-0.957521063,20.17,1517220,42.6259,8.07632,planting with problems
p110070,J7,148,B_4_1_1,4,0,B,C. eyrei_C. camphora_C. myrsinaefolia_K. bipinnata,,1,,117.9074653,29.12749013,222.29,-0.125506333,-0.992092818,28.36,1505200,56.6743,-14.3452,planting with problems
p111100,K10,166,C_4_4_1,4,0,C,A. davidii_C. henryi_Q. acutissima_R. chinensis,,1,,117.9077306,29.12679127,194.62,-0.623197303,-0.782064653,35,1394280,-23.7722,-11.2268,
p111180,K18,158,C_2_4_1,2,0,C,Ch. axillaris_D. glaucifolia,,1,,117.9077306,29.12488254,177.45,-0.767836515,0.640645836,29.8,1135880,-21.8297,2.36562,missing random sheet
p111190,K19,2.1,A_1_2_1,1,0,A,S. superba,,4,vip,117.9077306,29.12462704,186.66,-0.892664538,0.450721669,32.34,1157940,10.5007,25.1042,
p111200,K20,2.4,A_1_2_1,1,8,A,S. superba,A. crenata_C. chekiangoleosa_D. buxifolium_D. myricoides_E. muricata_G. jasminoides_L. chinense_S. buxifolium,4,,117.9077306,29.12439408,191.03,-0.995141872,0.098451281,33.47,1239000,-28.3806,37.6831,
p111210,K21,19.4,A_2_3_1,2,8,A,K. bipinnata_L. glaber,C. chekiangoleosa_D. buxifolium_D. myricoides_E. myrianthus_E. muricata_L. chinense_Rh. indica_S. buxifolium,4,,117.9077306,29.12416113,190.16,-0.969187914,-0.246322526,31.2,1342770,-20.1964,14.6537,
p111220,K22,19.2,A_2_3_1,2,2,A,K. bipinnata_L. glaber,C. chekiangoleosa_D. buxifolium,4,,117.9077306,29.12392818,182.68,-0.77988444,-0.625923526,34.77,1399330,-25.0057,20.42,planting with problems
p111230,K23,134,B_1_3_1,1,0,B,D. glaucifolia,,1,,117.9077306,29.12367267,169.14,-0.722967099,-0.69088246,40.63,1346850,-77.7643,47.8329,
p111248,K24,337,s 20,0,1,A,,D. buxifolium,0,,117.9077306,29.12343972,154.83,-0.827668694,-0.561217011,30.18,1365910,13.8608,-18.0574,shrub mono
p111247,K24,336,s 20,0,1,A,,D. buxifolium,0,,117.9077306,29.12343972,154.83,-0.827668694,-0.561217011,30.18,1365910,13.8608,-18.0574,shrub mono
p111246,K24,335,s 19,0,1,A,,S. buxifolium,0,,117.9077306,29.12343972,154.83,-0.827668694,-0.561217011,30.18,1365910,13.8608,-18.0574,shrub mono
p111245,K24,334,s 4,0,1,A,,D. myricoides,0,,117.9077306,29.12343972,154.83,-0.827668694,-0.561217011,30.18,1365910,13.8608,-18.0574,shrub mono
p111030,K3,117,A_2_1_2,2,0,A,C. glauca_Q. fabri,,1,viprep,117.9077306,29.12844449,277.59,-0.578427203,-0.815734008,31.21,1518900,10.9092,-33.5241,
p111040,K4,204,R_4_3_1,4,0,R,C. carlesii_C. eyrei_L. glaber_S. superba,,1,,117.9077306,29.12821154,266.14,-0.818049307,-0.575148095,34.35,1439880,15.5225,-37.3636,
p111050,K5,223,E_1_2_1,1,0,E,C. lanceolata,,1,,117.9077306,29.12797859,256.37,-0.8594956,-0.511143145,37.34,1392350,-98.6409,32.5146,
p111060,K6,198,R_2_3_1,2,0,R,L. glaber_S. superba,,1,,117.9077306,29.12774564,245.52,-0.781846985,-0.623470362,37.96,1402120,-48.4301,16.25,
p111070,K7,203,R_4_2_2,4,0,R,C. eyrei_C. glauca_Q. serrata_S. superba,,1,,117.9077306,29.12749013,232.61,-0.774944445,-0.632029356,37.43,1397510,-55.2902,33.4209,
p111090,K9,109,A_1_9_2,1,0,A,C. glauca,,1,viprep,117.9077306,29.12702422,207.38,-0.745708573,-0.66627226,36.05,1385640,4.51387,34.542,
p112100,L10,15.1,A_1_15_1,1,0,A,C. eyrei,,4,vip,117.9079959,29.12679127,205.07,-0.397788452,-0.917477165,33.96,1483570,3.80465,32.8404,
p112110,L11,16.1,A_1_16_1,1,0,A,C. sclerophylla,,4,vip,117.9079959,29.12653576,187.41,-0.426884373,-0.904306216,30.85,1468760,6.50834,-42.3499,
p112120,L12,16.2,A_1_16_1,1,2,A,C. sclerophylla,L. chinense_Rh. indica,4,,117.9079959,29.12630281,178.29,-0.923612116,-0.383328397,30.4,1326560,40.5413,-56.1369,
p112130,L13,136,B_1_5_1,1,0,B,A. davidii,,1,,117.9079959,29.12606986,173.86,-0.943916241,-0.330184994,33.37,1296190,11.1738,19.1854,
p112170,L17,211,R_8_3_2,8,0,R,C. carlesii_Ch. axillaris_D. oldhamii_D. glaucifolia_L. formosana_L. glaber_Q. serrata_S. superba,,1,,117.9079959,29.1251155,173.75,-0.40450331,0.914536534,29.61,1066000,-121.219,115.771,
p112180,L18,179,S_4_2_2,4,0,S,C. sclerophylla_C. myrsinaefolia_L. glaber_S. superba,,1,,117.9079959,29.12488254,186.52,-0.595804516,0.80312949,27.24,1149030,0.83411,-13.3277,missing random sheet
p112190,L19,33.4,A_0_1_2,0,8,A,,A. crenata_C. chekiangoleosa_D. buxifolium_E. myrianthus_E. muricata_G. jasminoides_Rh. indica_S. buxifolium,4,,117.9079959,29.12462704,197.85,-0.701407103,0.712760883,26.87,1184730,-17.0074,27.5635,
p112200,L20,33.1,A_0_1_2,0,0,A,,,4,vip,117.9079959,29.12439408,203.08,-0.964787304,-0.263031288,16.68,1415730,-64.9697,27.1997,
p112210,L21,31.4,A_16_1_1,16,8,A,C. henryi_C. eyrei_C. sclerophylla_Ch. axillaris_C. glauca_C. myrsinaefolia_K. bipinnata_L. formosana_L. glaber_N. sinensis_Q. fabri_Q. serrata_R. chinensis_S. mukorossi_S. sebiferum_S. superba,C. chekiangoleosa_D. buxifolium_E. myrianthus_E. muricata_G. jasminoides_L. chinense_Rh. indica_S. buxifolium,4,,117.9079959,29.12416113,198.51,-0.041003685,-0.999158995,21.29,1519350,-106.126,18.7071,
p112220,L22,31.3,A_16_1_1,16,0,A,C. henryi_C. eyrei_C. sclerophylla_Ch. axillaris_C. glauca_C. myrsinaefolia_K. bipinnata_L. formosana_L. glaber_N. sinensis_Q. fabri_Q. serrata_R. chinensis_S. mukorossi_S. sebiferum_S. superba,,4,vip,117.9079959,29.12392818,189.38,0.249535088,-0.968365757,23.68,1519200,-120.972,65.073,
p112230,L23,107,A_1_7_2,1,0,A,Ch. axillaris,,1,viprep,117.9079959,29.12367267,178.36,-0.013438577,-0.999909698,27.77,1518500,-96.1074,44.8151,
p112240,L24,202,R_4_2_1,4,0,R,C. eyrei_C. glauca_Q. serrata_S. superba,,1,,117.9079959,29.12343972,165.17,-0.07271594,-0.997352692,30.36,1493750,-103.508,114.873,
p112258,L25,333,s 5,0,1,A,,A. crenata,0,,117.9079959,29.12320677,152.07,-0.128449375,-0.991716067,18.28,1498480,78.8037,57.4042,shrub mono
p112257,L25,332,s 1,0,1,A,,E. muricata,0,,117.9079959,29.12320677,152.07,-0.128449375,-0.991716067,18.28,1498480,78.8037,57.4042,shrub mono
p112256,L25,331,s 4,0,1,A,,D. myricoides,0,,117.9079959,29.12320677,152.07,-0.128449375,-0.991716067,18.28,1498480,78.8037,57.4042,shrub mono
p112255,L25,330,s 4,0,1,A,,D. myricoides,0,,117.9079959,29.12320677,152.07,-0.128449375,-0.991716067,18.28,1498480,78.8037,57.4042,shrub mono
p112040,L4,32.1,A_0_1_1,0,0,A,,,4,vip,117.9079959,29.12821154,276.16,-0.136234253,-0.990676652,20.08,1578630,-64.8177,124.813,
p112050,L5,32.4,A_0_1_1,0,8,A,,A. crenata_C. chekiangoleosa_D. myricoides_E. myrianthus_E. muricata_L. chinense_Rh. indica_S. buxifolium,4,,117.9079959,29.12797859,269.06,-0.159881132,-0.987136274,19.58,1558680,21.2788,71.622,
p112060,L6,154,B_16_1_1,16,0,B,A. davidii_C. carlesii_C. eyrei_C. camphora_C. myrsinaefolia_D. oldhamii_D. glaucifolia_K. bipinnata_L. glaber_M. azedarach_N. sinensis_Q. acutissima_Q. fabri_S. mukorossi_S. discolor_S. superba,,1,,117.9079959,29.12774564,260.58,-0.390409732,-0.920641212,28.35,1531680,-32.3595,87.16,planting with problems
p112070,L7,138,B_1_7_1,1,0,B,Q. acutissima,,1,,117.9079959,29.12749013,246.81,-0.641985007,-0.766717191,31.52,1495790,-23.1036,18.8172,
p112080,L8,141,B_2_2_1,2,0,B,C. camphora_C. myrsinaefolia,,1,,117.9079959,29.12725718,234.19,-0.605710639,-0.795685001,34.54,1473830,4.79085,10.8983,
p112090,L9,15.3,A_1_15_1,1,4,A,C. eyrei,C. chekiangoleosa_D. buxifolium_D. myricoides_L. chinense,4,,117.9079959,29.12702422,220.05,-0.565542851,-0.824718912,35.61,1464180,-17.2969,15.9785,
p113100,M10,15.2,A_1_15_1,1,2,A,C. eyrei,E. muricata_Rh. indica,4,,117.9082869,29.12679127,213.18,-0.555425053,-0.8315666,37.06,1448340,-41.1841,-23.5627,
p113110,M11,16.4,A_1_16_1,1,8,A,C. sclerophylla,C. chekiangoleosa_D. buxifolium_D. myricoides_E. myrianthus_E. muricata_G. jasminoides_Rh. indica_S. buxifolium,4,,117.9082869,29.12653576,200.03,-0.909961241,-0.414693309,34.3,1350310,-5.40798,-43.9791,
p113120,M12,16.3,A_1_16_1,1,4,A,C. sclerophylla,D. buxifolium_E. myrianthus_E. muricata_G. jasminoides,4,,117.9082869,29.12630281,197.06,-0.928096395,-0.372340008,26.82,1375350,-39.7478,58.0623,
p113130,M13,12.3,A_1_12_1,1,4,A,S. sebiferum,C. chekiangoleosa_D. myricoides_L. chinense_S. buxifolium,4,,117.9082869,29.12606986,191.72,-0.475931181,-0.879482525,25.9,1477510,-28.4898,67.8463,
p113140,M14,12.2,A_1_12_1,1,2,A,S. sebiferum,E. muricata_G. jasminoides,4,,117.9082869,29.12583691,179.61,-0.1528133,-0.988255076,33.18,1478260,-70.5797,48.9911,
p113170,M17,156,C_2_2_1,2,0,C,S. discolor_S. sebiferum,,1,,117.9082869,29.1251155,176.81,-0.077937046,-0.996958282,32.15,996891,32.2689,-104.376,planting with problems
p113180,M18,229,F_0_1_2,0,0,F,free succession,free succession,1,,117.9082869,29.12488254,191.15,-0.91892898,0.394423034,27.14,1110290,-18.4159,-68.4131,
p113190,M19,33.3,A_0_1_2,0,4,A,,C. chekiangoleosa_D. myricoides_E. myrianthus_S. buxifolium,4,,117.9082869,29.12462704,204.82,-0.732186437,0.681104266,18.36,1277970,-62.8877,44.8777,
p113200,M20,33.2,A_0_1_2,0,2,A,,A. crenata_D. buxifolium,4,,117.9082869,29.12439408,201.98,0.087329662,-0.996179467,28.47,1502920,-102.719,-70.6779,
p113210,M21,31.2,A_16_1_1,16,2,A,C. henryi_C. eyrei_C. sclerophylla_Ch. axillaris_C. glauca_C. myrsinaefolia_K. bipinnata_L. formosana_L. glaber_N. sinensis_Q. fabri_Q. serrata_R. chinensis_S. mukorossi_S. sebiferum_S. superba,A. crenata_S. buxifolium,4,,117.9082869,29.12416113,187.04,0.538329641,-0.842734358,35.74,1392320,77.938,-174.833,
p113220,M22,31.1,A_16_1_1,16,4,A,C. henryi_C. eyrei_C. sclerophylla_Ch. axillaris_C. glauca_C. myrsinaefolia_K. bipinnata_L. formosana_L. glaber_N. sinensis_Q. fabri_Q. serrata_R. chinensis_S. mukorossi_S. sebiferum_S. superba,C. chekiangoleosa_D. myricoides_E. myrianthus_Rh. indica,4,,117.9082869,29.12392818,176.2,0.880394613,-0.474241843,33.79,1318520,137.635,-49.0422,
p113238,M23,325,s 4,0,1,A,,D. myricoides,0,,117.9082869,29.12367267,168.54,0.839240473,-0.543760452,31.27,1358470,116.684,-31.408,shrub mono
p113237,M23,324,s 4,0,1,A,,D. myricoides,0,,117.9082869,29.12367267,168.54,0.839240473,-0.543760452,31.27,1358470,116.684,-31.408,shrub mono
p113236,M23,323,s 9,0,1,A,,E. myrianthus,0,,117.9082869,29.12367267,168.54,0.839240473,-0.543760452,31.27,1358470,116.684,-31.408,shrub mono
p113235,M23,322,s 9,0,1,A,,E. myrianthus,0,,117.9082869,29.12367267,168.54,0.839240473,-0.543760452,31.27,1358470,116.684,-31.408,shrub mono
p113248,M24,329,s 19,0,1,A,,E. muricata,0,,117.9082869,29.12343972,159.28,0.45336839,-0.891323232,25.04,1423560,113.903,-32.5482,shrub mono
p113247,M24,328,s 19,0,1,A,,E. muricata,0,,117.9082869,29.12343972,159.28,0.45336839,-0.891323232,25.04,1423560,113.903,-32.5482,shrub mono
p113246,M24,327,s 5,0,1,A,,S. buxifolium,0,,117.9082869,29.12343972,159.28,0.45336839,-0.891323232,25.04,1423560,113.903,-32.5482,shrub mono
p113245,M24,326,s 5,0,1,A,,S. buxifolium,0,,117.9082869,29.12343972,159.28,0.45336839,-0.891323232,25.04,1423560,113.903,-32.5482,shrub mono
p113260,M26,169,C_16_1_1,16,0,C,A. davidii_C. henryi_C. carlesii_C. sclerophylla_Ch. axillaris_C. camphora_C. glauca_D. oldhamii_D. glaucifolia_L. formosana_M. azedarach_Q. acutissima_Q. serrata_R. chinensis_S. discolor_S. sebiferum,,1,,117.9082869,29.12297382,153.87,-0.986543628,-0.163498226,21.06,1390030,10.4891,35.0186,
p113270,M27,132,B_1_1_1,1,0,B,S. discolor,,1,,117.9082869,29.12271831,152.22,-0.999402946,-0.034550721,18.38,1390120,-8.07957,-18.1193,
p113280,M28,184,S_8_2_1,8,0,S,C. carlesii_C. eyrei_C. sclerophylla_C. glauca_C. myrsinaefolia_L. glaber_Q. acutissima_S. superba,,1,,117.9082869,29.12248536,154.05,-0.997403216,0.072019612,19.1,1378520,-20.2065,10.0701,
p113040,M4,32.3,A_0_1_1,0,4,A,,A. crenata_C. chekiangoleosa_D. myricoides_E. muricata,4,,117.9082869,29.12821154,271.04,0.703890792,-0.71030821,29.98,1508260,-3.73222,-41.2558,
p113050,M5,32.2,A_0_1_1,0,2,A,,C. chekiangoleosa_D. buxifolium,4,,117.9082869,29.12797859,262.77,0.900849849,-0.434130797,30.01,1448340,-53.5805,14.9136,
p113060,M6,147,B_2_8_1,2,0,B,Q. acutissima_S. mukorossi,,1,,117.9082869,29.12774564,257.88,0.862336996,-0.506334776,25.64,1478930,-18.9511,24.0092,planting with problems
p113070,M7,25.4,A_4_1_1,4,8,A,C. glauca_Q. fabri_R. chinensis_S. superba,A. crenata_C. chekiangoleosa_D. buxifolium_D. myricoides_E. muricata_G. jasminoides_Rh. indica_S. buxifolium,4,,117.9082869,29.12749013,249.4,0.50045342,-0.865763463,24.89,1532180,-60.0194,44.9092,
p113080,M8,25.3,A_4_1_1,4,4,A,C. glauca_Q. fabri_R. chinensis_S. superba,D. buxifolium_E. muricata_G. jasminoides_S. buxifolium,4,,117.9082869,29.12725718,239.93,0.151605911,-0.988441019,24.42,1551290,-14.6514,47.6945,
p113090,M9,15.4,A_1_15_1,1,8,A,C. eyrei,A. crenata_D. buxifolium_D. myricoides_E. myrianthus_E. muricata_L. chinense_Rh. indica_S. buxifolium,4,,117.9082869,29.12702422,228.46,-0.309514868,-0.950894603,30.37,1528710,-30.226,50.6938,
p114100,N10,35.4,A_24_1_1,24,8,A,all 24 species,A. crenata_C. chekiangoleosa_D. myricoides_E. myrianthus_E. muricata_L. chinense_Rh. indica_S. buxifolium,4,,117.9085521,29.12679127,220.26,0.406098811,-0.913829172,25.35,1491760,-71.8576,68.159,planting with problems
p114110,N11,10.1,A_1_10_1,1,0,A,S. mukorossi,,4,vip,117.9085521,29.12653576,209.69,0.148499889,-0.988912424,24.76,1511210,-61.9374,74.5577,
p114120,N12,10.2,A_1_10_1,1,2,A,S. mukorossi,A. crenata_D. buxifolium,4,,117.9085521,29.12630281,199.67,0.425463463,-0.904975603,27.34,1499240,-35.165,66.4065,
p114130,N13,12.1,A_1_12_1,1,0,A,S. sebiferum,,4,vip,117.9085521,29.12606986,187.8,0.652363034,-0.757906638,33.29,1423720,-29.0359,-23.1785,
p114140,N14,12.4,A_1_12_1,1,8,A,S. sebiferum,A. crenata_C. chekiangoleosa_E. myrianthus_E. muricata_G. jasminoides_L. chinense_Rh. indica_S. buxifolium,4,,117.9085521,29.12583691,175.73,0.574576826,-0.818450653,29.91,1436780,29.8836,26.7331,
p114170,N17,8.1,A_1_8_1,1,0,A,R. chinensis,,4,vip,117.9085521,29.1251155,180.57,-0.492119804,0.870527483,32.25,1039940,-64.7234,53.2401,
p114180,N18,8.3,A_1_8_1,1,4,A,R. chinensis,A. crenata_D. buxifolium_E. myrianthus_S. buxifolium,4,,117.9085521,29.12488254,194.28,-0.421669037,0.906749813,29.22,1095390,-26.3208,-27.4686,
p114190,N19,135,B_1_4_1,1,0,B,M. azedarach,,1,,117.9085521,29.12462704,206.77,-0.45756365,0.88917687,17.35,1288860,50.479,-62.8112,
p114200,N20,128,A_4_4_2,4,0,A,C. sclerophylla_Ch. axillaris_Q. serrata_S. sebiferum,,1,viprep,117.9085521,29.12439408,205.77,-0.597765022,-0.801671365,27.86,1498740,-77.4738,25.3079,planting with problems
p114210,N21,13.3,A_1_13_1,1,4,A,C. myrsinaefolia,A. crenata_D. buxifolium_E. myrianthus_S. buxifolium,4,,117.9085521,29.12416113,189.4,-0.502869041,-0.864362614,39.36,1428200,-67.6465,48.5811,
p114220,N22,13.2,A_1_13_1,1,2,A,C. myrsinaefolia,A. crenata_E. myrianthus,4,,117.9085521,29.12392818,172.42,-0.510993012,-0.859584866,29.29,1435250,49.7598,-3.81311,
p114250,N25,167,C_8_1_1,8,0,C,C. carlesii_Ch. axillaris_C. glauca_D. oldhamii_D. glaucifolia_Q. serrata_S. discolor_S. sebiferum,,1,,117.9085521,29.12320677,166.25,-0.9933527,0.115110443,30.49,1248690,-55.4201,67.5439,
p114260,N26,224,E_1_2_2,1,0,E,C. lanceolata,,1,,117.9085521,29.12297382,163.79,-0.844140797,-0.536121548,22.65,1462340,20.1135,-9.88707,
p114270,N27,7.3,A_1_7_1,1,4,A,Ch. axillaris,C. chekiangoleosa_D. myricoides_E. muricata_L. chinense,4,,117.9085521,29.12271831,160.93,-0.999941454,0.01082075,17.88,1402560,5.82565,-20.7575,
p114280,N28,7.2,A_1_7_1,1,2,A,Ch. axillaris,L. chinense_Rh. indica,4,,117.9085521,29.12248536,162.98,-0.999999452,0.001047117,18.76,1406940,15.2057,11.4306,
p114290,N29,115,A_1_15_2,1,0,A,C. eyrei,,1,viprep,117.9085521,29.1222524,159.66,-0.824323812,-0.566118586,22.65,1487140,-6.02236,-4.40383,
p114050,N5,99,free plot,0,0,,free plot,free plot,1,,117.9085521,29.12797859,244.1,0.846657886,-0.5321376,37.67,1364280,113.62,-130.044,
p114060,N6,188,S_16_1_1,16,0,S,C. henryi_C. carlesii_C. eyrei_C. sclerophylla_Ch. axillaris_C. camphora_C. glauca_C. myrsinaefolia_D. oldhamii_D. glaucifolia_L. glaber_N. sinensis_Q. acutissima_Q. fabri_Q. serrata_S. superba,,1,,117.9085521,29.12774564,239.22,0.98129267,-0.192521937,38.27,1286530,53.8372,-25.9318,planting with problems
p114070,N7,25.2,A_4_1_1,4,2,A,C. glauca_Q. fabri_R. chinensis_S. superba,A. crenata_Rh. indica,4,,117.9085521,29.12749013,233.27,0.983759976,-0.179489023,40.48,1251240,9.87769,4.53915,
p114080,N8,25.1,A_4_1_1,4,0,A,C. glauca_Q. fabri_R. chinensis_S. superba,,4,vip,117.9085521,29.12725718,229.37,0.987742891,-0.156089658,35.87,1287440,-61.6903,-11.5562,
p114090,N9,35.1,A_24_1_1,24,0,A,all 24 species,,4,vip,117.9085521,29.12702422,226.22,0.889655603,-0.456632136,28.03,1405540,-72.3721,35.7839,missing Treatment_No2
p115100,O10,35.3,A_24_1_1,24,4,A,all 24 species,A. crenata_D. myricoides_G. jasminoides_Rh. indica,4,,117.9088174,29.12679127,205.63,0.98149374,-0.191494224,39.89,1227660,51.0789,9.69327,missing Treatment_No2
p115110,O11,10.3,A_1_10_1,1,4,A,S. mukorossi,C. chekiangoleosa_D. buxifolium_D. myricoides_E. myrianthus,4,,117.9088174,29.12653576,198.19,0.898640986,-0.438684827,37.18,1317790,20.9076,29.6597,
p115120,O12,10.4,A_1_10_1,1,8,A,S. mukorossi,C. chekiangoleosa_D. buxifolium_D. myricoides_E. myrianthus_E. muricata_G. jasminoides_L. chinense_Rh. indica,4,,117.9088174,29.12630281,188.35,0.775716104,-0.631082028,35.84,1365540,51.571,-34.5357,
p115170,O17,8.4,A_1_8_1,1,8,A,R. chinensis,A. crenata_D. buxifolium_D. myricoides_E. myrianthus_E. muricata_G. jasminoides_Rh. indica_S. buxifolium,4,,117.9088174,29.1251155,186.16,0.088198959,-0.996102878,31.07,1024000,-47.8144,52.9003,
p115180,O18,8.2,A_1_8_1,1,2,A,R. chinensis,D. buxifolium_Rh. indica,4,,117.9088174,29.12488254,200.75,-0.80437569,0.59412099,30.1,1086630,-17.6108,53.9129,
p115190,O19,186,S_8_3_1,8,0,S,C. henryi_C. camphora_C. glauca_C. myrsinaefolia_D. oldhamii_N. sinensis_Q. acutissima_S. superba,,1,,117.9088174,29.12462704,212.42,-0.791650323,0.610974441,26.1,1238630,1.78276,13.2153,
p115200,O20,194,R_2_1_1,2,0,R,C. glauca_L. glaber,,1,,117.9088174,29.12439408,213.78,-0.796635386,-0.60446014,27.13,1479850,-36.0417,56.3982,
p115210,O21,13.4,A_1_13_1,1,8,A,C. myrsinaefolia,A. crenata_D. buxifolium_D. myricoides_E. muricata_G. jasminoides_L. chinense_Rh. indica_S. buxifolium,4,,117.9088174,29.12416113,199.53,-0.436644724,-0.899634028,37.22,1469770,-16.1129,13.8477,
p115220,O22,13.1,A_1_13_1,1,0,A,C. myrsinaefolia,,4,vip,117.9088174,29.12392818,182.17,-0.593137838,-0.805100929,31.54,1457480,32.4704,-18.613,
p115230,O23,218,E_1_1_1,1,0,E,P. massoniana,,1,,117.9088174,29.12367267,175.49,-0.99614892,-0.087677416,29.49,1312370,8.46438,0.14015,
p115240,O24,155,C_2_1_1,2,0,C,C. carlesii_C. glauca,,1,,117.9088174,29.12343972,178.25,-0.962738984,0.270432339,33.75,1186310,-13.5039,-57.8004,
p115250,O25,23.4,A_2_7_1,2,8,A,C. sclerophylla_Q. serrata,A. crenata_C. chekiangoleosa_D. myricoides_E. myrianthus_G. jasminoides_L. chinense_Rh. indica_S. buxifolium,4,,117.9088174,29.12320677,180.76,-0.963115596,-0.269087993,28.4,1378530,-13.9262,58.7677,
p115260,O26,23.3,A_2_7_1,2,4,A,C. sclerophylla_Q. serrata,C. chekiangoleosa_D. myricoides_E. myrianthus_Rh. indica,4,,117.9088174,29.12297382,173.85,-0.858244077,-0.513241761,27.45,1442050,0.40073,-18.8083,
p115270,O27,7.1,A_1_7_1,1,0,A,Ch. axillaris,,4,vip,117.9088174,29.12271831,170.96,-0.997132552,0.075674794,25.17,1337840,30.8807,-53.0045,
p115280,O28,7.4,A_1_7_1,1,8,A,Ch. axillaris,A. crenata_D. buxifolium_D. myricoides_E. myrianthus_E. muricata_G. jasminoides_L. chinense_S. buxifolium,4,,117.9088174,29.12248536,173.19,-0.988756369,-0.14953542,23.69,1400850,-9.24207,43.3277,
p115290,O29,146,B_2_7_1,2,0,B,D. oldhamii_Q. fabri,,1,,117.9088174,29.1222524,169.02,-0.810757384,-0.585382323,21.11,1499290,-7.75632,21.7843,missing random sheet
p115050,O5,99,free plot,0,0,,free plot,free plot,1,,117.9088174,29.12797859,236.36,-0.305529066,-0.95218275,28.24,1488550,-50.2651,45.2988,
p115060,O6,123,A_2_7_2,2,0,A,C. sclerophylla_Q. serrata,,1,viprep,117.9088174,29.12774564,225.36,0.223420289,-0.974722204,28.04,1465470,17.1045,-44.7217,planting with problems
p115090,O9,35.2,A_24_1_1,24,2,A,all 24 species,E. myrianthus_S. buxifolium,4,,117.9088174,29.12702422,208.05,0.997624546,-0.068885881,39.92,1187280,93.0773,6.65504,missing Treatment_No2
p116180,P18,176,S_4_1_1,4,0,S,C. eyrei_C. sclerophylla_C. glauca_L. glaber,,1,,117.9090827,29.12488254,203.02,0.238702997,-0.971092621,37.56,908767,-81.6722,39.708,
p116190,P19,27.1,A_4_3_1,4,0,A,C. henryi_L. formosana_N. sinensis_S. mukorossi,,4,vip,117.9090827,29.12462704,221.18,-0.604460162,0.79663537,26.12,1200020,37.5788,43.6926,
p116200,P20,27.2,A_4_3_1,4,2,A,C. henryi_L. formosana_N. sinensis_S. mukorossi,E. muricata_G. jasminoides,4,,117.9090827,29.12439408,223.31,-0.734440925,-0.678672621,27.32,1498950,-39.2572,78.49,
p116210,P21,17.3,A_2_1_1,2,4,A,C. glauca_Q. fabri,C. chekiangoleosa_E. muricata_L. chinense_S. buxifolium,4,,117.9090827,29.12416113,208.17,-0.476545059,-0.879150048,38.28,1455660,-1.95848,-81.2507,
p116220,P22,17.2,A_2_1_1,2,2,A,C. glauca_Q. fabri,D. myricoides_Rh. indica,4,,117.9090827,29.12392818,194.13,-0.887171927,-0.461439024,34.26,1371470,18.2787,-55.468,
p116230,P23,18.1,A_2_2_1,2,0,A,R. chinensis_S. superba,,4,vip,117.9090827,29.12367267,191.62,-0.999473122,0.032457342,31.19,1290630,-1.25665,-14.0038,planting with problems
p116240,P24,18.2,A_2_2_1,2,2,A,R. chinensis_S. superba,C. chekiangoleosa_D. buxifolium,4,,117.9090827,29.12343972,194.62,-0.983223102,0.182407051,30.91,1263100,2.65724,-31.7029,
p116250,P25,23.2,A_2_7_1,2,2,A,C. sclerophylla_Q. serrata,G. jasminoides_L. chinense,4,,117.9090827,29.12320677,194.06,-0.897950746,-0.440095964,25.75,1452310,-10.146,41.3647,
p116260,P26,23.1,A_2_7_1,2,0,A,C. sclerophylla_Q. serrata,,4,vip,117.9090827,29.12297382,187.93,-0.915451979,-0.402427229,26.65,1438840,-28.8523,-0.17251,
p116270,P27,129,A_8_1_2,8,0,A,C. eyrei_C. glauca_C. myrsinaefolia_K. bipinnata_L. glaber_Q. fabri_R. chinensis_S. superba,,1,viprep,117.9090827,29.12271831,184.53,-0.977045558,-0.213030461,22.42,1409330,-46.7865,-1.33785,
p116280,P28,208,R_8_2_1,8,0,R,C. carlesii_C. eyrei_C. sclerophylla_Ch. axillaris_C. camphora_D. oldhamii_L. formosana_L. glaber,,1,,117.9090827,29.12248536,181.66,-0.401787902,-0.915732757,16.82,1538880,-20.7465,67.7467,planting with problems
p116290,P29,127,A_4_3_2,4,0,A,C. henryi_L. formosana_N. sinensis_S. mukorossi,,1,viprep,117.9090827,29.1222524,174.42,-0.146082973,-0.989272341,15.12,1563830,-0.4415,12.5656,
p116300,P30,178,S_4_2_1,4,0,S,C. sclerophylla_C. myrsinaefolia_L. glaber_S. superba,,1,,117.9090827,29.12201945,168.35,-0.229709964,-0.973259129,12.03,1556540,1.90357,-12.8868,
p116060,P6,228,F_0_1_1,0,0,F,free succession,free succession,1,,117.9090827,29.12774564,230.88,-0.596925187,-0.802296904,37.45,1412960,-33.5824,-34.8059,
p116070,P7,108,A_1_8_2,1,0,A,R. chinensis,,1,viprep,117.9090827,29.12749013,214.09,-0.573004368,-0.819552313,35.34,1373980,12.6104,-27.7337,
p116080,P8,113,A_1_13_2,1,0,A,C. myrsinaefolia,,1,viprep,117.9090827,29.12725718,201.78,-0.287193288,-0.957872651,25.2,1405010,81.7559,-3.03891,
p117100,Q10,20.2,A_2_4_1,2,2,A,C. eyrei_C. myrsinaefolia,D. myricoides_E. muricata,4,,117.9093737,29.12679127,193.81,-0.631082007,-0.775716121,31.04,1443440,4.2941,28.7053,
p117130,Q13,105,A_1_5_2,1,0,A,K. bipinnata,,1,viprep,117.9093737,29.12606986,186.36,-0.904529619,0.426410797,30.69,1176730,13.849,-20.9636,
p117140,Q14,9.2,A_1_9_1,1,2,A,C. glauca,E. myrianthus_G. jasminoides,4,,117.9093737,29.12583691,193.28,-0.932953566,0.359996727,34.13,1162420,-20.5862,23.3791,
p117150,Q15,9.4,A_1_9_1,1,8,A,C. glauca,A. crenata_C. chekiangoleosa_D. buxifolium_D. myricoides_E. myrianthus_E. muricata_G. jasminoides_L. chinense,4,,117.9093737,29.1255814,194.18,-0.952182709,-0.305529194,35.58,1315680,-58.2812,53.9288,
p117160,Q16,106,A_1_6_2,1,0,A,Q. fabri,,1,viprep,117.9093737,29.12534845,186.42,-0.901455086,-0.432872647,33.17,1342960,-29.7313,6.47813,
p117190,Q19,27.3,A_4_3_1,4,4,A,C. henryi_L. formosana_N. sinensis_S. mukorossi,A. crenata_D. buxifolium_E. myrianthus_E. muricata,4,,117.9093737,29.12462704,221.83,0.75390748,0.656980602,33.09,1011300,40.4008,-26.8274,
p117200,Q20,27.4,A_4_3_1,4,8,A,C. henryi_L. formosana_N. sinensis_S. mukorossi,A. crenata_C. chekiangoleosa_D. myricoides_E. myrianthus_E. muricata_G. jasminoides_L. chinense_S. buxifolium,4,,117.9093737,29.12439408,230.66,-0.3173046,-0.948323674,19.59,1439780,-135.097,47.8445,
p117210,Q21,17.1,A_2_1_1,2,0,A,C. glauca_Q. fabri,,4,vip,117.9093737,29.12416113,222.07,-0.831760355,-0.555134859,36.67,1410040,-25.0885,-22.9604,
p117220,Q22,17.4,A_2_1_1,2,8,A,C. glauca_Q. fabri,A. crenata_C. chekiangoleosa_D. buxifolium_E. myrianthus_G. jasminoides_L. chinense_Rh. indica_S. buxifolium,4,,117.9093737,29.12392818,212.46,-0.868544992,-0.495610328,35.66,1398880,1.28512,9.68374,
p117230,Q23,18.4,A_2_2_1,2,8,A,R. chinensis_S. superba,A. crenata_C. chekiangoleosa_D. buxifolium_D. myricoides_E. muricata_G. jasminoides_Rh. indica_S. buxifolium,4,,117.9093737,29.12367267,208.19,-0.991490374,0.130180023,30.71,1291310,1.05933,-36.0359,
p117240,Q24,18.3,A_2_2_1,2,4,A,R. chinensis_S. superba,E. muricata_G. jasminoides_L. chinense_S. buxifolium,4,,117.9093737,29.12343972,209.2,-0.971424961,-0.23734689,27.35,1400650,-25.9338,48.1579,
p117250,Q25,139,B_1_8_1,1,0,B,C. camphora,,1,,117.9093737,29.12320677,203.59,-0.754251336,-0.656585807,23.24,1512770,5.60411,25.753,
p117070,Q7,119,A_2_3_2,2,0,A,K. bipinnata_L. glaber,,1,viprep,117.9093737,29.12749013,232,-0.74675423,-0.665100082,40.82,1373190,16.2702,10.0331,
p117080,Q8,210,R_8_3_1,8,0,R,C. carlesii_Ch. axillaris_D. oldhamii_D. glaucifolia_L. formosana_L. glaber_Q. serrata_S. superba,,1,,117.9093737,29.12725718,217.35,-0.755167367,-0.655532034,38.98,1375360,22.6614,-28.6679,
p117090,Q9,20.1,A_2_4_1,2,0,A,C. eyrei_C. myrsinaefolia,,4,vip,117.9093737,29.12702422,205.27,-0.77162454,-0.636078273,35.34,1389890,-19.1539,24.1636,
p118100,R10,20.4,A_2_4_1,2,8,A,C. eyrei_C. myrsinaefolia,A. crenata_C. chekiangoleosa_D. buxifolium_D. myricoides_G. jasminoides_L. chinense_Rh. indica_S. buxifolium,4,,117.909639,29.12679127,201.58,-0.269087864,-0.963115632,31.8,1502450,-15.2017,39.5823,
p118130,R13,182,S_8_1_1,8,0,S,C. carlesii_C. eyrei_C. sclerophylla_C. camphora_C. glauca_C. myrsinaefolia_L. glaber_S. superba,,1,,117.909639,29.12606986,199.29,-0.841887784,0.539652628,30.17,1170530,-30.3582,21.9095,
p118140,R14,9.1,A_1_9_1,1,0,A,C. glauca,,4,vip,117.909639,29.12583691,206.92,-0.897566419,0.440879262,29.02,1221560,10.652,-0.2411,
p118150,R15,9.3,A_1_9_1,1,4,A,C. glauca,C. chekiangoleosa_D. myricoides_G. jasminoides_L. chinense,4,,117.909639,29.1255814,207.52,-0.888457047,-0.458959777,25.06,1437810,14.1218,55.4912,
p118160,R16,130,A_8_2_2,8,0,A,C. henryi_C. sclerophylla_Ch. axillaris_L. formosana_N. sinensis_Q. serrata_S. mukorossi_S. sebiferum,,1,viprep,117.909639,29.12534845,202.15,-0.971796586,-0.235820687,32.93,1323860,23.4271,-41.0119,
p118170,R17,110,A_1_10_2,1,0,A,S. mukorossi,,1,viprep,117.909639,29.1251155,201.46,-0.991693637,0.128622433,38.48,1171520,-27.02,7.99225,
p118180,R18,231,A_24_1_2,24,0,A,all 24 species,,1,viprep,117.909639,29.12488254,206.64,-0.870011751,0.493030985,30.44,1172900,-21.7666,-46.2517,missing Treatment_No2
p118200,R20,162,C_2_8_1,2,0,C,A. davidii_Q. acutissima,,1,,117.909639,29.12439408,232.1,0.69953866,-0.714594755,25.05,1173440,-25.6508,-1.51442,
p118210,R21,226,E_1_2_4,1,0,E,C. lanceolata,,1,,117.909639,29.12416113,235.49,-0.932764886,-0.360485321,24.14,1471230,-58.1361,57.5033,
p118070,R7,180,S_4_3_1,4,0,S,C. eyrei_C. glauca_C. myrsinaefolia_L. glaber,,1,,117.909639,29.12749013,245.58,-0.581980996,-0.813202386,28.86,1508150,-111.622,59.6973,
p118080,R8,207,R_8_1_2,8,0,R,C. carlesii_C. eyrei_C. sclerophylla_Ch. axillaris_C. glauca_L. glaber_Q. serrata_S. superba,,1,,117.909639,29.12725718,231.35,-0.531989799,-0.846750762,34.68,1485510,-54.7181,77.7604,
p118090,R9,20.3,A_2_4_1,2,4,A,C. eyrei_C. myrsinaefolia,A. crenata_G. jasminoides_L. chinense_S. buxifolium,4,,117.909639,29.12702422,216.08,-0.419452027,-0.907777504,31.81,1505820,17.0172,56.2986,
p119100,S10,30.1,A_8_2_1,8,0,A,C. henryi_C. sclerophylla_Ch. axillaris_L. formosana_N. sinensis_Q. serrata_S. mukorossi_S. sebiferum,,4,vip,117.9099043,29.12679127,203.98,-0.142283373,-0.989825966,32.13,1503760,-0.87799,-34.2941,
p119130,S13,168,C_8_2_1,8,0,C,A. davidii_C. henryi_C. sclerophylla_C. camphora_L. formosana_M. azedarach_Q. acutissima_R. chinensis,,1,,117.9099043,29.12606986,210.99,-0.745592382,0.666402281,30.82,1140390,11.0049,26.8009,
p119140,S14,29.3,A_8_1_1,8,4,A,C. eyrei_C. glauca_C. myrsinaefolia_K. bipinnata_L. glaber_Q. fabri_R. chinensis_S. superba,A. crenata_D. buxifolium_Rh. indica_S. buxifolium,4,,117.9099043,29.12583691,219.64,-0.916572261,0.399869091,30.65,1225440,0.09795,15.176,
p119150,S15,29.4,A_8_1_1,8,8,A,C. eyrei_C. glauca_C. myrsinaefolia_K. bipinnata_L. glaber_Q. fabri_R. chinensis_S. superba,D. buxifolium_D. myricoides_E. myrianthus_E. muricata_G. jasminoides_L. chinense_Rh. indica_S. buxifolium,4,,117.9099043,29.1255814,219.47,-0.964833197,-0.262862897,32.68,1356080,-14.2521,-10.0384,
p119160,S16,181,S_4_3_2,4,0,S,C. eyrei_C. glauca_C. myrsinaefolia_L. glaber,,1,,117.9099043,29.12534845,218.82,-0.992715356,0.120483287,36.84,1225070,30.2085,-62.2775,planting with problems
p119170,S17,140,B_2_1_1,2,0,B,C. eyrei_K. bipinnata,,1,,117.9099043,29.1251155,221.34,-0.99526141,0.097235412,38.02,1222730,5.01739,38.8055,
p119180,S18,124,A_2_8_2,2,0,A,Ch. axillaris_S. sebiferum,,1,viprep,117.9099043,29.12488254,221.78,-0.999884719,-0.015183861,33.6,1295880,9.52935,-2.14231,
p119190,S19,160,C_2_6_1,2,0,C,L. formosana_M. azedarach,,1,,117.9099043,29.12462704,223.37,-0.996971872,0.077763016,29.13,1241040,85.1582,-56.2394,
p119200,S20,215,R_16_2_2,16,0,R,A. davidii_C. henryi_C. eyrei_C. sclerophylla_Ch. axillaris_C. camphora_C. glauca_D. oldhamii_L. formosana_Q. acutissima_Q. fabri_Q. serrata_R. chinensis_S. mukorossi_S. discolor_S. superba,,1,,117.9099043,29.12439408,233.47,-0.993109416,-0.117190822,31.19,1097600,-6.76265,-154.173,planting with problems
p119080,S8,170,S_2_1_1,2,0,S,C. sclerophylla_C. myrsinaefolia,,1,,117.9099043,29.12725718,238.31,-0.329690589,-0.94408904,33.46,1520090,-43.5355,-0.459,
p119090,S9,30.2,A_8_2_1,8,2,A,C. henryi_C. sclerophylla_Ch. axillaris_L. formosana_N. sinensis_Q. serrata_S. mukorossi_S. sebiferum,C. chekiangoleosa_E. myrianthus,4,,117.9099043,29.12702422,220.12,-0.202274492,-0.979328867,33.29,1517400,50.1723,-46.1804,
p120100,T10,30.3,A_8_2_1,8,4,A,C. henryi_C. sclerophylla_Ch. axillaris_L. formosana_N. sinensis_Q. serrata_S. mukorossi_S. sebiferum,A. crenata_E. myrianthus_E. muricata_Rh. indica,4,,117.9101696,29.12679127,208.5,-0.423883239,-0.905716843,36.69,1456680,-11.6923,-1.46474,
p120130,T13,209,R_8_2_2,8,0,R,C. carlesii_C. eyrei_C. sclerophylla_Ch. axillaris_C. camphora_D. oldhamii_L. formosana_L. glaber,,1,,117.9101696,29.12606986,218.75,-0.874535044,-0.484962326,32.63,1029750,-15.1906,33.5273,
p120140,T14,29.2,A_8_1_1,8,2,A,C. eyrei_C. glauca_C. myrsinaefolia_K. bipinnata_L. glaber_Q. fabri_R. chinensis_S. superba,D. myricoides_E. myrianthus,4,,117.9101696,29.12583691,231.8,-0.737984472,0.674817694,28.97,1191860,-23.4411,51.9489,
p120150,T15,29.1,A_8_1_1,8,0,A,C. eyrei_C. glauca_C. myrsinaefolia_K. bipinnata_L. glaber_Q. fabri_R. chinensis_S. superba,,4,vip,117.9101696,29.1255814,236.39,-0.998629539,0.052335875,33.79,1293370,-16.5095,24.8296,planting with problems
p120160,T16,206,R_8_1_1,8,0,R,C. carlesii_C. eyrei_C. sclerophylla_Ch. axillaris_C. glauca_L. glaber_Q. serrata_S. superba,,1,,117.9101696,29.12534845,239.75,-0.988174932,0.153330702,38.34,1217830,-27.6942,-2.79282,
p120170,T17,121,A_2_5_2,2,0,A,L. formosana_S. mukorossi,,1,viprep,117.9101696,29.1251155,242.05,-0.999194392,-0.040131872,34.85,1309130,-29.1987,21.6825,
p120180,T18,102,A_1_2_2,1,0,A,S. superba,,1,viprep,117.9101696,29.12488254,240.76,-0.998351844,-0.057389862,34.33,1319290,1.59372,-41.9565,
p120090,T9,30.4,A_8_2_1,8,8,A,C. henryi_C. sclerophylla_Ch. axillaris_L. formosana_N. sinensis_Q. serrata_S. mukorossi_S. sebiferum,A. crenata_C. chekiangoleosa_D. buxifolium_E. myrianthus_E. muricata_G. jasminoides_L. chinense_Rh. indica,4,,117.9101696,29.12702422,225.81,-0.460664526,-0.887574332,37.99,1465090,40.2448,2.48782,
p121100,U10,131,A_16_1_2,16,0,A,C. henryi_C. eyrei_C. sclerophylla_Ch. axillaris_C. glauca_C. myrsinaefolia_K. bipinnata_L. formosana_L. glaber_N. sinensis_Q. fabri_Q. serrata_R. chinensis_S. mukorossi_S. sebiferum_S. superba,,1,viprep,117.9104606,29.12679127,222.94,-0.668222135,-0.743961812,41.43,1394460,-12.8704,2.20166,
p121110,U11,225,E_1_2_3,1,0,E,C. lanceolata,,1,,117.9104606,29.12653576,206.95,-0.824323812,-0.566118586,35.12,1374680,22.1936,-48.4217,
p121140,U14,175,S_2_3_2,2,0,S,C. myrsinaefolia_L. glaber,,1,,117.9104606,29.12583691,231.88,0.48022349,0.877146168,35.42,1000190,-31.5404,25.8309,
p121150,U15,125,A_4_1_2,4,0,A,C. glauca_Q. fabri_R. chinensis_S. superba,,1,viprep,117.9104606,29.1255814,247.89,0.110081314,-0.993922585,27.55,1170060,-61.9281,58.9547,
p121160,U16,159,C_2_5_1,2,0,C,C. sclerophylla_C. camphora,,1,,117.9104606,29.12534845,256.64,-0.980683013,0.195603751,22.5,1339220,-25.3259,91.2501,
p121170,U17,222,E_1_1_5,1,0,E,P. massoniana,,1,,117.9104606,29.1251155,257.53,-0.983031517,-0.183436738,21.75,1455160,5.99937,13.324,
p121180,U18,212,R_16_1_1,16,0,R,C. henryi_C. carlesii_C. eyrei_C. sclerophylla_Ch. axillaris_C. camphora_C. glauca_C. myrsinaefolia_D. oldhamii_D. glaucifolia_L. formosana_L. glaber_Q. fabri_Q. serrata_R. chinensis_S. superba,,1,,117.9104606,29.12488254,255.91,-0.983223072,-0.182407209,19.87,1464350,26.0711,16.6998,
p122100,V10,99,free plot,0,0,,free plot,free plot,1,,117.9107259,29.12679127,237.45,-0.712760901,-0.701407084,36.49,1435600,-60.455,-0.20238,
p122111,V11/W11,26.3,A_4_2_1,4,4,A,C. eyrei_C. myrsinaefolia_K. bipinnata_L. glaber,D. buxifolium_G. jasminoides_L. chinense_Rh. indica,4,,117.9108585,29.12653576,231.56,-0.639036299,-0.769176578,37.57,1438540,-32.1917,39.577,
p122121,V12/W12,26.4,A_4_2_1,4,8,A,C. eyrei_C. myrsinaefolia_K. bipinnata_L. glaber,A. crenata_D. buxifolium_D. myricoides_E. muricata_G. jasminoides_L. chinense_Rh. indica_S. buxifolium,4,,117.9108585,29.12630281,217.56,-0.883928881,-0.467621357,33.09,1359140,19.2016,-51.7745,
p122160,V16,216,R_16_3_1,16,0,R,A. davidii_C. henryi_C. carlesii_C. eyrei_Ch. axillaris_C. glauca_C. myrsinaefolia_D. glaucifolia_L. formosana_L. glaber_Q. acutissima_Q. fabri_Q. serrata_R. chinensis_S. mukorossi_S. discolor,,1,,117.9107259,29.12534845,258.59,0.996118259,0.088025079,25.27,1202170,-13.5163,15.0708,
p123111,W11/X11,26.2,A_4_2_1,4,2,A,C. eyrei_C. myrsinaefolia_K. bipinnata_L. glaber,D. myricoides_S. buxifolium,4,,117.9111238,29.12653576,240.5,-0.667052699,-0.745010535,28.98,1493380,-29.6143,-67.7208,planting with problems
p123121,W12/X12,26.1,A_4_2_1,4,0,A,C. eyrei_C. myrsinaefolia_K. bipinnata_L. glaber,,4,vip,117.9111238,29.12630281,232.92,-0.96999942,-0.243107229,35.87,1319130,-1.41637,-65.5583,planting with problems
p123130,W13,112,A_1_12_2,1,0,A,S. sebiferum,,1,viprep,117.9109912,29.12606986,225.07,-0.895323441,0.445416587,33.98,1147570,11.3487,-50.6816,
p123140,W14,11.1,A_1_11_1,1,0,A,N. sinensis,,4,vip,117.9109912,29.12583691,231.69,-0.88845712,0.458959634,29.02,1208670,8.51775,26.0454,
p123150,W15,11.2,A_1_11_1,1,2,A,N. sinensis,A. crenata_E. muricata,4,,117.9109912,29.1255814,240.62,-0.969956975,-0.243276522,27.57,1150900,36.264,-81.3403,
p124130,X13,172,S_2_2_1,2,0,S,C. sclerophylla_C. glauca,,1,,117.9112564,29.12606986,240.96,-0.930673239,0.365851503,29.23,1268080,-100.463,8.18507,planting with problems
p124140,X14,11.4,A_1_11_1,1,8,A,N. sinensis,A. crenata_C. chekiangoleosa_D. buxifolium_D. myricoides_E. myrianthus_E. muricata_G. jasminoides_L. chinense,4,,117.9112564,29.12583691,246.13,-0.912905466,0.408171055,27.71,1283180,2.45866,12.9977,
p124150,X15,11.3,A_1_11_1,1,4,A,N. sinensis,A. crenata_E. muricata_L. chinense_Rh. indica,4,,117.9112564,29.1255814,251.58,-0.873517502,0.486792742,27.42,1264730,26.7098,-38.233,
p124160,X16,99,free plot,0,0,,free plot,free plot,1,,117.9112564,29.12534845,258.54,-0.897566419,0.440879262,22.67,1326000,-53.0092,42.6714,
